economic_id,Country,Year,Population,GDP PER CAPITA (USD),GDP PER CAPITA PPP (USD)
0,Algeria,2000.0,30774621.0,1780.38,8510.36
1,Algeria,2001.0,31200985.0,1754.58,8840.67
2,Algeria,2002.0,31624696.0,1794.81,9354.22
3,Algeria,2003.0,32055883.0,2117.05,10088.09
4,Algeria,2004.0,32510186.0,2624.8,10653.34
5,Algeria,2005.0,32956690.0,3131.33,11478.03
6,Algeria,2006.0,33435080.0,3500.13,11861.17
7,Algeria,2007.0,33983827.0,3971.8,12392.51
8,Algeria,2008.0,34569592.0,4946.56,12714.16
9,Algeria,2009.0,35196037.0,3898.48,12768.99
10,Algeria,2010.0,35856344.0,4495.92,13141.12
11,Algeria,2011.0,36543541.0,5473.28,13543.6
12,Algeria,2012.0,37260563.0,5610.73,13347.36
13,Algeria,2013.0,38000626.0,5519.78,13104.74
14,Algeria,2014.0,38760168.0,5516.23,13058.12
15,Algeria,2015.0,39543154.0,4197.42,12071.81
16,Algeria,2016.0,40339329.0,3967.2,11685.45
17,Algeria,2017.0,41136546.0,4134.94,11809.48
18,Algeria,2018.0,41927007.0,4171.8,12007.77
19,Algeria,2019.0,42705368.0,4021.98,12120.41
20,Algeria,2020.0,43451666.0,3354.16,11452.23
21,Angola,2000.0,16394062.0,556.88,3285.95
22,Angola,2001.0,16941587.0,527.46,3388.15
23,Angola,2002.0,17516139.0,872.66,3782.89
24,Angola,2003.0,18124342.0,982.81,3839.57
25,Angola,2004.0,18771125.0,1254.7,4223.64
26,Angola,2005.0,19450959.0,1900.72,4835.67
27,Angola,2006.0,20162340.0,2597.96,5364.44
28,Angola,2007.0,20909684.0,3121.35,6056.78
29,Angola,2008.0,21691522.0,4081.72,6615.11
30,Angola,2009.0,22507674.0,3123.7,6471.28
31,Angola,2010.0,23364185.0,3496.78,6586.47
32,Angola,2011.0,24259111.0,4511.15,6700.11
33,Angola,2012.0,25188292.0,4962.55,7389.31
34,Angola,2013.0,26147002.0,5101.98,7643.92
35,Angola,2014.0,27128337.0,5059.08,8123.05
36,Angola,2015.0,28127721.0,3100.83,7274.09
37,Angola,2016.0,29154746.0,1709.52,7027.15
38,Angola,2017.0,30208628.0,2283.21,7216.06
39,Angola,2018.0,31273533.0,2487.5,7043.96
40,Angola,2019.0,32353588.0,2142.24,6882.28
41,Angola,2020.0,33428486.0,1502.95,6367.44
42,Benin,2000.0,6998023.0,503.0,1724.55
43,Benin,2001.0,7212041.0,508.35,1802.32
44,Benin,2002.0,7431783.0,564.38,1858.77
45,Benin,2003.0,7659208.0,698.41,1902.5
46,Benin,2004.0,7894554.0,784.12,1979.29
47,Benin,2005.0,8149419.0,805.9,2011.4
48,Benin,2006.0,8402631.0,837.13,2090.28
49,Benin,2007.0,8647761.0,944.64,2210.79
50,Benin,2008.0,8906469.0,1098.95,2294.87
51,Benin,2009.0,9172514.0,1061.72,2294.6
52,Benin,2010.0,9445710.0,1009.49,2302.69
53,Benin,2011.0,9726380.0,1099.41,2350.36
54,Benin,2012.0,10014078.0,1112.57,2427.43
55,Benin,2013.0,10308730.0,1214.3,2590.93
56,Benin,2014.0,10614844.0,1251.5,2745.86
57,Benin,2015.0,10932783.0,1041.65,2792.61
58,Benin,2016.0,11260085.0,1049.82,2901.26
59,Benin,2017.0,11596779.0,1095.27,2933.84
60,Benin,2018.0,11940683.0,1194.44,3113.25
61,Benin,2019.0,12290444.0,1170.97,3290.31
62,Benin,2020.0,12643123.0,1237.95,3364.97
63,Botswana,2000.0,1726985.0,3351.7,8922.19
64,Botswana,2001.0,1761930.0,3115.68,8964.66
65,Botswana,2002.0,1795130.0,3029.79,9478.37
66,Botswana,2003.0,1826863.0,4111.74,9936.89
67,Botswana,2004.0,1859085.0,4818.21,10298.09
68,Botswana,2005.0,1892807.0,5240.32,10907.14
69,Botswana,2006.0,1928704.0,5142.91,11957.33
70,Botswana,2007.0,1966977.0,5372.34,12739.04
71,Botswana,2008.0,2007320.0,5345.85,13136.17
72,Botswana,2009.0,2048997.0,4938.25,11119.58
73,Botswana,2010.0,2091664.0,6041.73,12139.5
74,Botswana,2011.0,2134037.0,7080.78,12976.26
75,Botswana,2012.0,2175425.0,6392.99,12069.47
76,Botswana,2013.0,2217278.0,6436.6,12833.28
77,Botswana,2014.0,2260376.0,6844.03,14338.57
78,Botswana,2015.0,2305171.0,5869.74,13420.51
79,Botswana,2016.0,2352416.0,6411.55,15277.04
80,Botswana,2017.0,2401840.0,6705.34,14656.77
81,Botswana,2018.0,2451409.0,6947.82,15321.78
82,Botswana,2019.0,2499702.0,6691.16,15759.16
83,Botswana,2020.0,2546402.0,5875.07,14303.94
84,Burkina Faso,2000.0,11882888.0,249.8,899.58
85,Burkina Faso,2001.0,12249764.0,260.44,951.31
86,Burkina Faso,2002.0,12632269.0,286.75,977.67
87,Burkina Faso,2003.0,13030591.0,363.82,1041.9
88,Burkina Faso,2004.0,13445977.0,405.45,1083.25
89,Burkina Faso,2005.0,13876127.0,442.94,1176.36
90,Burkina Faso,2006.0,14316242.0,457.34,1248.87
91,Burkina Faso,2007.0,14757074.0,516.75,1295.47
92,Burkina Faso,2008.0,15197915.0,621.89,1356.37
93,Burkina Faso,2009.0,15650022.0,603.88,1364.9
94,Burkina Faso,2010.0,16116845.0,627.27,1454.58
95,Burkina Faso,2011.0,16602651.0,727.61,1536.81
96,Burkina Faso,2012.0,17113732.0,733.97,1568.07
97,Burkina Faso,2013.0,17636408.0,762.3,1629.32
98,Burkina Faso,2014.0,18169842.0,767.37,1637.93
99,Burkina Faso,2015.0,18718019.0,632.13,1657.92
100,Burkina Faso,2016.0,19275498.0,665.79,1833.43
101,Burkina Faso,2017.0,19835858.0,711.18,1978.16
102,Burkina Faso,2018.0,20392723.0,779.2,2100.53
103,Burkina Faso,2019.0,20951639.0,772.17,2199.55
104,Burkina Faso,2020.0,21522626.0,833.24,2211.01
105,Burundi,2000.0,6307659.0,138.0,532.43
106,Burundi,2001.0,6465729.0,135.61,542.03
107,Burundi,2002.0,6648938.0,124.14,559.11
108,Burundi,2003.0,6860846.0,114.37,545.78
109,Burundi,2004.0,7120496.0,128.54,566.09
110,Burundi,2005.0,7388874.0,151.19,567.7
111,Burundi,2006.0,7658190.0,166.28,595.21
112,Burundi,2007.0,7944609.0,170.71,609.59
113,Burundi,2008.0,8278109.0,194.71,625.24
114,Burundi,2009.0,8709366.0,204.54,620.9
115,Burundi,2010.0,9126605.0,222.66,630.36
116,Burundi,2011.0,9455733.0,236.45,646.1
117,Burundi,2012.0,9795479.0,238.21,651.95
118,Burundi,2013.0,10149577.0,241.55,696.5
119,Burundi,2014.0,10494913.0,257.82,728.87
120,Burundi,2015.0,10727148.0,289.36,797.05
121,Burundi,2016.0,10903327.0,242.54,766.59
122,Burundi,2017.0,11155593.0,244.15,750.79
123,Burundi,2018.0,11493472.0,232.06,758.25
124,Burundi,2019.0,11874838.0,216.97,760.6
125,Burundi,2020.0,12220227.0,216.83,751.2
126,Cameroon,2000.0,15091594.0,700.16,2083.23
127,Cameroon,2001.0,15493253.0,706.98,2164.67
128,Cameroon,2002.0,15914033.0,780.27,2236.1
129,Cameroon,2003.0,16354326.0,976.52,2339.84
130,Cameroon,2004.0,16809407.0,1119.98,2502.38
131,Cameroon,2005.0,17275171.0,1129.36,2567.22
132,Cameroon,2006.0,17751333.0,1177.97,2673.56
133,Cameroon,2007.0,18251866.0,1311.0,2786.09
134,Cameroon,2008.0,18777081.0,1476.01,2838.7
135,Cameroon,2009.0,19319274.0,1445.86,2848.33
136,Cameroon,2010.0,19878036.0,1383.81,2882.75
137,Cameroon,2011.0,20448873.0,1497.93,2957.16
138,Cameroon,2012.0,21032684.0,1433.72,3022.36
139,Cameroon,2013.0,21632850.0,1559.14,3194.16
140,Cameroon,2014.0,22299585.0,1631.71,3369.32
141,Cameroon,2015.0,23012646.0,1399.68,3437.79
142,Cameroon,2016.0,23711630.0,1426.07,3559.14
143,Cameroon,2017.0,24393181.0,1479.86,3691.09
144,Cameroon,2018.0,25076747.0,1594.06,3822.23
145,Cameroon,2019.0,25782341.0,1538.69,3915.83
146,Cameroon,2020.0,26491087.0,1539.13,3870.83
147,Cabo Verde,2000.0,458251.0,1176.71,3090.47
148,Cabo Verde,2001.0,465958.0,1208.46,3177.19
149,Cabo Verde,2002.0,473231.0,1311.21,3343.94
150,Cabo Verde,2003.0,480089.0,1693.98,3501.6
151,Cabo Verde,2004.0,486583.0,1900.89,3909.36
152,Cabo Verde,2005.0,492827.0,1972.78,4256.04
153,Cabo Verde,2006.0,498884.0,2220.1,4680.12
154,Cabo Verde,2007.0,504733.0,3268.31,5471.65
155,Cabo Verde,2008.0,510336.0,3839.86,5903.6
156,Cabo Verde,2009.0,515638.0,3592.32,5791.93
157,Cabo Verde,2010.0,521212.0,3500.98,5905.34
158,Cabo Verde,2011.0,527521.0,3880.07,6189.7
159,Cabo Verde,2012.0,533864.0,3583.46,6048.41
160,Cabo Verde,2013.0,539940.0,3757.66,6019.8
161,Cabo Verde,2014.0,546076.0,3739.28,5989.4
162,Cabo Verde,2015.0,552166.0,3169.08,6242.71
163,Cabo Verde,2016.0,558394.0,3312.7,6689.8
164,Cabo Verde,2017.0,564954.0,3534.34,7130.85
165,Cabo Verde,2018.0,571202.0,3860.45,7490.14
166,Cabo Verde,2019.0,577030.0,3928.31,8123.84
167,Cabo Verde,2020.0,582640.0,3223.74,6577.31
168,Central African Republic,2000.0,3759170.0,243.88,652.39
169,Central African Republic,2001.0,3844773.0,242.58,681.36
170,Central African Republic,2002.0,3930648.0,253.41,701.34
171,Central African Republic,2003.0,4026841.0,283.68,660.42
172,Central African Republic,2004.0,4115138.0,309.19,703.38
173,Central African Republic,2005.0,4208834.0,317.88,715.73
174,Central African Republic,2006.0,4294352.0,340.41,757.62
175,Central African Republic,2007.0,4375569.0,388.48,798.84
176,Central African Republic,2008.0,4467233.0,446.23,813.83
177,Central African Republic,2009.0,4564540.0,452.92,870.42
178,Central African Republic,2010.0,4660067.0,459.78,902.78
179,Central African Republic,2011.0,4732022.0,515.21,945.59
180,Central African Republic,2012.0,4773306.0,525.87,1024.25
181,Central African Republic,2013.0,4802428.0,352.23,683.97
182,Central African Republic,2014.0,4798734.0,394.86,670.1
183,Central African Republic,2015.0,4819333.0,351.88,733.75
184,Central African Republic,2016.0,4904177.0,372.14,787.47
185,Central African Republic,2017.0,4996741.0,414.74,839.6
186,Central African Republic,2018.0,5094780.0,435.93,875.19
187,Central African Republic,2019.0,5209324.0,426.41,898.32
188,Central African Republic,2020.0,5343020.0,435.47,895.25
189,Chad,2000.0,8259137.0,168.12,773.65
190,Chad,2001.0,8538804.0,200.36,854.37
191,Chad,2002.0,8838369.0,225.95,909.46
192,Chad,2003.0,9196366.0,298.25,1022.52
193,Chad,2004.0,9613503.0,460.07,1342.19
194,Chad,2005.0,10005012.0,664.6,1560.65
195,Chad,2006.0,10365614.0,716.67,1562.91
196,Chad,2007.0,10722731.0,806.71,1602.45
197,Chad,2008.0,11098664.0,936.49,1626.03
198,Chad,2009.0,11496128.0,808.16,1646.51
199,Chad,2010.0,11894727.0,896.88,1828.68
200,Chad,2011.0,12317730.0,988.19,1804.06
201,Chad,2012.0,12754906.0,969.62,1734.84
202,Chad,2013.0,13216766.0,980.08,1569.49
203,Chad,2014.0,13697126.0,1017.79,1672.98
204,Chad,2015.0,14140274.0,774.41,1816.29
205,Chad,2016.0,14592585.0,691.98,1660.98
206,Chad,2017.0,15085884.0,662.9,1579.76
207,Chad,2018.0,15604210.0,720.27,1601.13
208,Chad,2019.0,16126866.0,701.62,1628.24
209,Chad,2020.0,16644701.0,643.77,1572.6
210,Comoros,2000.0,536758.0,654.18,1818.02
211,Comoros,2001.0,547741.0,691.04,1864.2
212,Comoros,2002.0,559047.0,761.95,1898.1
213,Comoros,2003.0,570130.0,959.23,1937.86
214,Comoros,2004.0,581154.0,1090.43,1989.61
215,Comoros,2005.0,592683.0,1103.2,2069.18
216,Comoros,2006.0,604658.0,1155.09,2146.12
217,Comoros,2007.0,616899.0,1289.79,2177.67
218,Comoros,2008.0,629470.0,1454.65,2261.35
219,Comoros,2009.0,642493.0,1409.11,2301.97
220,Comoros,2010.0,656024.0,1384.06,2367.78
221,Comoros,2011.0,670071.0,1526.83,2464.35
222,Comoros,2012.0,684553.0,1483.95,2655.73
223,Comoros,2013.0,699393.0,1595.99,2795.24
224,Comoros,2014.0,714612.0,1608.69,2887.07
225,Comoros,2015.0,730216.0,1322.94,2884.77
226,Comoros,2016.0,746232.0,1357.27,3053.3
227,Comoros,2017.0,761664.0,1414.59,3240.18
228,Comoros,2018.0,776313.0,1531.34,3374.04
229,Comoros,2019.0,790986.0,1510.8,3430.21
230,Comoros,2020.0,806166.0,1519.59,3402.87
231,Cote d'Ivoire,2000.0,16799670.0,986.78,3202.95
232,Cote d'Ivoire,2001.0,17245468.0,974.78,3121.73
233,Cote d'Ivoire,2002.0,17683897.0,1020.95,3007.36
234,Cote d'Ivoire,2003.0,18116451.0,1173.06,2852.02
235,Cote d'Ivoire,2004.0,18544903.0,1267.76,2952.04
236,Cote d'Ivoire,2005.0,18970215.0,1267.09,3006.0
237,Cote d'Ivoire,2006.0,19394057.0,1303.56,3116.37
238,Cote d'Ivoire,2007.0,19817700.0,1451.23,3166.67
239,Cote d'Ivoire,2008.0,20244449.0,1683.34,3310.48
240,Cote d'Ivoire,2009.0,20677762.0,1638.8,3379.41
241,Cote d'Ivoire,2010.0,21120042.0,1654.18,3577.71
242,Cote d'Ivoire,2011.0,21562914.0,1701.7,3384.93
243,Cote d'Ivoire,2012.0,22010712.0,1649.3,3483.69
244,Cote d'Ivoire,2013.0,22469268.0,1903.05,3801.62
245,Cote d'Ivoire,2014.0,22995555.0,2124.02,4254.23
246,Cote d'Ivoire,2015.0,23596741.0,1941.58,4579.85
247,Cote d'Ivoire,2016.0,24213622.0,1999.2,4693.68
248,Cote d'Ivoire,2017.0,24848016.0,2113.34,4836.05
249,Cote d'Ivoire,2018.0,25493988.0,2295.54,5060.6
250,Cote d'Ivoire,2019.0,26147551.0,2290.79,5350.01
251,Cote d'Ivoire,2020.0,26811790.0,2349.07,5377.39
252,Democratic Republic of Congo,2000.0,48616317.0,392.63,432.7
253,Democratic Republic of Congo,2001.0,50106657.0,148.45,420.27
254,Democratic Republic of Congo,2002.0,51662071.0,168.94,426.17
255,Democratic Republic of Congo,2003.0,53205639.0,167.98,445.51
256,Democratic Republic of Congo,2004.0,54815607.0,187.86,473.96
257,Democratic Republic of Congo,2005.0,56550247.0,211.57,502.9
258,Democratic Republic of Congo,2006.0,58381630.0,247.54,528.87
259,Democratic Republic of Congo,2007.0,60289422.0,277.61,558.9
260,Democratic Republic of Congo,2008.0,62249724.0,317.89,586.03
261,Democratic Republic of Congo,2009.0,64270232.0,290.16,587.55
262,Democratic Republic of Congo,2010.0,66391257.0,324.83,616.53
263,Democratic Republic of Congo,2011.0,68654269.0,376.37,650.44
264,Democratic Republic of Congo,2012.0,70997870.0,412.78,650.92
265,Democratic Republic of Congo,2013.0,73460021.0,444.86,731.93
266,Democratic Republic of Congo,2014.0,76035588.0,472.27,824.41
267,Democratic Republic of Congo,2015.0,78656904.0,482.06,877.68
268,Democratic Republic of Congo,2016.0,81430977.0,456.03,932.41
269,Democratic Republic of Congo,2017.0,84283273.0,451.09,1023.54
270,Democratic Republic of Congo,2018.0,87087355.0,546.21,1073.45
271,Democratic Republic of Congo,2019.0,89906890.0,575.88,1104.84
272,Democratic Republic of Congo,2020.0,92853164.0,524.67,1102.55
273,Djibouti,2000.0,742033.0,742.87,742.87
274,Djibouti,2001.0,765490.0,747.78,747.78
275,Djibouti,2002.0,789129.0,749.08,749.08
276,Djibouti,2003.0,806411.0,771.37,771.37
277,Djibouti,2004.0,818373.0,813.9,813.9
278,Djibouti,2005.0,830861.0,852.89,852.89
279,Djibouti,2006.0,846947.0,907.82,907.82
280,Djibouti,2007.0,865196.0,980.03,980.03
281,Djibouti,2008.0,882886.0,1131.64,1131.64
282,Djibouti,2009.0,901103.0,1164.25,1164.25
283,Djibouti,2010.0,919199.0,1227.82,1227.82
284,Djibouti,2011.0,936811.0,1322.73,1322.73
285,Djibouti,2012.0,954297.0,1418.46,1418.46
286,Djibouti,2013.0,971753.0,2102.2,2102.2
287,Djibouti,2014.0,989087.0,2239.11,2239.11
288,Djibouti,2015.0,1006259.0,2409.31,2409.31
289,Djibouti,2016.0,1023261.0,2545.74,2545.74
290,Djibouti,2017.0,1040233.0,2655.73,2655.73
291,Djibouti,2018.0,1057198.0,2755.84,2755.84
292,Djibouti,2019.0,1073994.0,2876.04,2876.04
293,Djibouti,2020.0,1090156.0,2918.0,2918.0
294,Egypt,2000.0,71371371.0,1398.86,5581.59
295,Egypt,2001.0,72854261.0,1327.1,5788.83
296,Egypt,2002.0,74393759.0,1144.53,5895.01
297,Egypt,2003.0,75963322.0,1056.94,6075.15
298,Egypt,2004.0,77522427.0,1016.25,6362.9
299,Egypt,2005.0,79075310.0,1133.11,6721.25
300,Egypt,2006.0,80629670.0,1332.34,7260.12
301,Egypt,2007.0,82218755.0,1586.47,7830.49
302,Egypt,2008.0,83844783.0,1941.9,8385.94
303,Egypt,2009.0,85501064.0,2212.22,8663.0
304,Egypt,2010.0,87252413.0,2509.77,9033.34
305,Egypt,2011.0,89200054.0,2645.62,9178.85
306,Egypt,2012.0,91240376.0,3059.14,10506.97
307,Egypt,2013.0,93377890.0,3088.89,10623.74
308,Egypt,2014.0,95592324.0,3196.86,10306.92
309,Egypt,2015.0,97723799.0,3370.38,10890.24
310,Egypt,2016.0,99784030.0,3331.61,10593.75
311,Egypt,2017.0,101789386.0,2439.97,10995.01
312,Egypt,2018.0,103740765.0,2531.2,11636.5
313,Egypt,2019.0,105618671.0,3017.26,12280.61
314,Egypt,2020.0,107465134.0,3571.56,12661.18
315,Equatorial Guinea,2000.0,684977.0,1527.06,7617.72
316,Equatorial Guinea,2001.0,719270.0,2031.42,12119.47
317,Equatorial Guinea,2002.0,754115.0,2395.85,14024.49
318,Equatorial Guinea,2003.0,789681.0,3146.52,15563.06
319,Equatorial Guinea,2004.0,826355.0,5337.61,21074.62
320,Equatorial Guinea,2005.0,864726.0,9502.86,24249.87
321,Equatorial Guinea,2006.0,905418.0,11140.19,25714.16
322,Equatorial Guinea,2007.0,948814.0,13776.9,29052.49
323,Equatorial Guinea,2008.0,994971.0,19849.72,33261.87
324,Equatorial Guinea,2009.0,1043686.0,14398.77,32341.28
325,Equatorial Guinea,2010.0,1094524.0,14905.51,28424.52
326,Equatorial Guinea,2011.0,1144588.0,18659.42,29556.11
327,Equatorial Guinea,2012.0,1193636.0,18756.43,32457.55
328,Equatorial Guinea,2013.0,1243941.0,17644.59,30083.89
329,Equatorial Guinea,2014.0,1295183.0,16804.92,29197.69
330,Equatorial Guinea,2015.0,1346973.0,9788.98,20858.1
331,Equatorial Guinea,2016.0,1398927.0,8035.31,17771.56
332,Equatorial Guinea,2017.0,1450694.0,8410.4,19617.84
333,Equatorial Guinea,2018.0,1502091.0,8719.19,18192.05
334,Equatorial Guinea,2019.0,1553031.0,7317.39,16929.14
335,Equatorial Guinea,2020.0,1596049.0,6327.6,15980.0
336,Eritrea,2000.0,2392880.0,295.2,2544.63
337,Eritrea,2001.0,2461927.0,305.6,2544.63
338,Eritrea,2002.0,2547424.0,286.3,2544.63
339,Eritrea,2003.0,2653390.0,327.98,2544.63
340,Eritrea,2004.0,2763140.0,401.37,2544.63
341,Eritrea,2005.0,2831732.0,387.9,2544.63
342,Eritrea,2006.0,2880093.0,420.53,2544.63
343,Eritrea,2007.0,2926168.0,450.41,2544.63
344,Eritrea,2008.0,3005779.0,459.18,2544.63
345,Eritrea,2009.0,3083888.0,602.06,2544.63
346,Eritrea,2010.0,3147727.0,504.97,2544.63
347,Eritrea,2011.0,3207570.0,643.79,2544.63
348,Eritrea,2012.0,3252596.0,693.8,2544.63
349,Eritrea,2013.0,3296367.0,596.75,2544.63
350,Eritrea,2014.0,3323425.0,786.54,2544.63
351,Eritrea,2015.0,3340006.0,603.19,2544.63
352,Eritrea,2016.0,3365287.0,655.42,2544.63
353,Eritrea,2017.0,3396933.0,557.86,2544.63
354,Eritrea,2018.0,3445374.0,580.84,2544.63
355,Eritrea,2019.0,3498818.0,566.73,2544.63
356,Eritrea,2020.0,3555868.0,595.66,2544.63
357,Eswatini,2000.0,1030496.0,1686.66,4601.89
358,Eswatini,2001.0,1041396.0,1481.16,4705.43
359,Eswatini,2002.0,1050809.0,1362.97,4943.39
360,Eswatini,2003.0,1058797.0,2075.56,5197.05
361,Eswatini,2004.0,1065764.0,2599.15,5493.8
362,Eswatini,2005.0,1071886.0,2964.97,5971.67
363,Eswatini,2006.0,1077735.0,3053.93,6489.39
364,Eswatini,2007.0,1084008.0,3200.51,6920.1
365,Eswatini,2008.0,1089870.0,3022.46,7072.53
366,Eswatini,2009.0,1094886.0,3270.14,7196.14
367,Eswatini,2010.0,1099920.0,4035.53,7524.31
368,Eswatini,2011.0,1105371.0,4360.96,7814.52
369,Eswatini,2012.0,1111444.0,4396.58,8027.31
370,Eswatini,2013.0,1118319.0,4111.13,8463.33
371,Eswatini,2014.0,1125865.0,3928.52,8557.27
372,Eswatini,2015.0,1133936.0,3583.31,8580.64
373,Eswatini,2016.0,1142524.0,3339.99,8488.45
374,Eswatini,2017.0,1151390.0,3824.05,8213.92
375,Eswatini,2018.0,1160428.0,4021.45,8544.52
376,Eswatini,2019.0,1169613.0,3818.54,8861.81
377,Eswatini,2020.0,1180655.0,3372.9,8754.79
378,Ethiopia,2000.0,67031867.0,122.96,476.53
379,Ethiopia,2001.0,69018932.0,119.26,512.52
380,Ethiopia,2002.0,71073215.0,110.46,513.12
381,Ethiopia,2003.0,73168838.0,117.86,497.28
382,Ethiopia,2004.0,75301026.0,134.54,563.51
383,Ethiopia,2005.0,77469940.0,160.08,631.67
384,Ethiopia,2006.0,79691050.0,191.75,701.6
385,Ethiopia,2007.0,81996185.0,240.35,780.53
386,Ethiopia,2008.0,84357105.0,320.86,856.66
387,Ethiopia,2009.0,86755585.0,373.89,912.11
388,Ethiopia,2010.0,89237791.0,335.44,1010.02
389,Ethiopia,2011.0,91817929.0,348.0,1114.05
390,Ethiopia,2012.0,94451280.0,458.55,1191.44
391,Ethiopia,2013.0,97084366.0,490.79,1261.11
392,Ethiopia,2014.0,99746766.0,557.53,1488.63
393,Ethiopia,2015.0,102471895.0,630.31,1630.88
394,Ethiopia,2016.0,105293228.0,705.62,1848.66
395,Ethiopia,2017.0,108197950.0,755.75,1987.97
396,Ethiopia,2018.0,111129438.0,758.3,2117.16
397,Ethiopia,2019.0,114120594.0,840.45,2274.19
398,Ethiopia,2020.0,117190911.0,918.65,2379.45
399,Gabon,2000.0,1272935.0,3991.16,13352.08
400,Gabon,2001.0,1306590.0,3844.56,13585.24
401,Gabon,2002.0,1341696.0,3976.65,13402.5
402,Gabon,2003.0,1378398.0,4724.25,13602.07
403,Gabon,2004.0,1417110.0,5483.14,13679.34
404,Gabon,2005.0,1458353.0,6570.96,14076.2
405,Gabon,2006.0,1502534.0,6873.45,13688.58
406,Gabon,2007.0,1549774.0,8036.92,14448.89
407,Gabon,2008.0,1599978.0,9732.23,13792.03
408,Gabon,2009.0,1653542.0,7325.91,13448.3
409,Gabon,2010.0,1711105.0,8399.6,14084.54
410,Gabon,2011.0,1772500.0,10273.8,14863.46
411,Gabon,2012.0,1836705.0,9348.51,14628.62
412,Gabon,2013.0,1902226.0,9250.08,14437.76
413,Gabon,2014.0,1966855.0,9255.37,14721.9
414,Gabon,2015.0,2028517.0,7090.45,14113.83
415,Gabon,2016.0,2086206.0,6722.2,13749.83
416,Gabon,2017.0,2140215.0,6975.7,14478.13
417,Gabon,2018.0,2192012.0,7694.91,14597.15
418,Gabon,2019.0,2242785.0,7523.86,15092.03
419,Gabon,2020.0,2292573.0,6680.08,14682.06
420,Gambia,2000.0,1437539.0,544.62,1752.25
421,Gambia,2001.0,1479449.0,464.64,1841.95
422,Gambia,2002.0,1522223.0,379.86,1759.01
423,Gambia,2003.0,1566257.0,310.96,1863.06
424,Gambia,2004.0,1612225.0,596.63,1989.55
425,Gambia,2005.0,1660368.0,618.96,1945.58
426,Gambia,2006.0,1711294.0,615.97,1935.12
427,Gambia,2007.0,1764883.0,725.09,1985.72
428,Gambia,2008.0,1820542.0,857.86,2084.66
429,Gambia,2009.0,1878119.0,772.12,2169.27
430,Gambia,2010.0,1937275.0,796.63,2254.05
431,Gambia,2011.0,1998212.0,705.48,2049.35
432,Gambia,2012.0,2061014.0,686.56,2033.28
433,Gambia,2013.0,2124869.0,647.39,1960.58
434,Gambia,2014.0,2189019.0,561.65,1874.26
435,Gambia,2015.0,2253133.0,611.67,1913.42
436,Gambia,2016.0,2317206.0,640.68,1918.7
437,Gambia,2017.0,2381182.0,632.0,1927.04
438,Gambia,2018.0,2444916.0,683.32,2060.97
439,Gambia,2019.0,2508883.0,722.88,2171.66
440,Gambia,2020.0,2573995.0,704.03,2157.04
441,Ghana,2000.0,19665502.0,253.38,2311.55
442,Ghana,2001.0,20195577.0,263.17,2393.65
443,Ghana,2002.0,20758326.0,297.05,2471.48
444,Ghana,2003.0,21329514.0,357.85,2580.31
445,Ghana,2004.0,21906444.0,405.42,2724.27
446,Ghana,2005.0,22496951.0,477.6,2897.37
447,Ghana,2006.0,23098586.0,904.17,3095.15
448,Ghana,2007.0,23708320.0,1047.2,3231.66
449,Ghana,2008.0,24326087.0,1178.96,3503.71
450,Ghana,2009.0,24950762.0,1044.01,3604.43
451,Ghana,2010.0,25574719.0,1258.96,3839.89
452,Ghana,2011.0,26205941.0,1501.06,4362.59
453,Ghana,2012.0,26858762.0,1536.62,4877.58
454,Ghana,2013.0,27525597.0,2282.41,5118.24
455,Ghana,2014.0,28196358.0,1942.92,5376.31
456,Ghana,2015.0,28870939.0,1711.27,5021.79
457,Ghana,2016.0,29554303.0,1900.4,4811.57
458,Ghana,2017.0,30222262.0,1998.72,4929.57
459,Ghana,2018.0,30870641.0,2180.03,5248.46
460,Ghana,2019.0,31522290.0,2167.93,5572.67
461,Ghana,2020.0,32180401.0,2176.58,5558.36
462,Guinea,2000.0,8336967.0,359.29,1208.83
463,Guinea,2001.0,8445717.0,335.01,1264.79
464,Guinea,2002.0,8577790.0,343.93,1330.04
465,Guinea,2003.0,8772254.0,392.88,1342.78
466,Guinea,2004.0,8961039.0,405.7,1381.37
467,Guinea,2005.0,9140114.0,321.34,1438.64
468,Guinea,2006.0,9330625.0,452.28,1470.03
469,Guinea,2007.0,9547082.0,657.99,1576.12
470,Guinea,2008.0,9779785.0,712.1,1632.94
471,Guinea,2009.0,10021323.0,670.26,1585.79
472,Guinea,2010.0,10270728.0,667.28,1641.25
473,Guinea,2011.0,10527712.0,644.5,1726.18
474,Guinea,2012.0,10788692.0,707.97,1772.7
475,Guinea,2013.0,11055430.0,757.69,1784.69
476,Guinea,2014.0,11333365.0,774.57,1775.5
477,Guinea,2015.0,11625998.0,756.43,1789.02
478,Guinea,2016.0,11930985.0,720.47,2045.09
479,Guinea,2017.0,12240789.0,843.46,2383.58
480,Guinea,2018.0,12554864.0,944.42,2531.14
481,Guinea,2019.0,12877539.0,1043.9,2653.08
482,Guinea,2020.0,13205153.0,1073.66,2749.98
483,Guinea-Bissau,2000.0,1230849.0,301.5,1045.58
484,Guinea-Bissau,2001.0,1257380.0,312.25,1069.48
485,Guinea-Bissau,2002.0,1285678.0,324.97,1051.78
486,Guinea-Bissau,2003.0,1315653.0,362.91,1054.06
487,Guinea-Bissau,2004.0,1347009.0,395.0,1086.35
488,Guinea-Bissau,2005.0,1379713.0,425.47,1140.53
489,Guinea-Bissau,2006.0,1414091.0,418.9,1173.63
490,Guinea-Bissau,2007.0,1450572.0,480.44,1213.37
491,Guinea-Bissau,2008.0,1488431.0,583.27,1243.8
492,Guinea-Bissau,2009.0,1527196.0,543.56,1261.1
493,Guinea-Bissau,2010.0,1567220.0,542.28,1301.0
494,Guinea-Bissau,2011.0,1609017.0,683.53,1398.12
495,Guinea-Bissau,2012.0,1652717.0,598.57,1316.17
496,Guinea-Bissau,2013.0,1697753.0,616.16,1324.61
497,Guinea-Bissau,2014.0,1743309.0,605.12,1338.02
498,Guinea-Bissau,2015.0,1788919.0,585.96,1551.03
499,Guinea-Bissau,2016.0,1834552.0,642.67,1697.13
500,Guinea-Bissau,2017.0,1879826.0,718.25,1872.31
501,Guinea-Bissau,2018.0,1924955.0,781.64,1896.41
502,Guinea-Bissau,2019.0,1970457.0,730.61,1970.71
503,Guinea-Bissau,2020.0,2015828.0,710.26,1904.66
504,Kenya,2000.0,30851606.0,411.82,1893.76
505,Kenya,2001.0,31800343.0,408.36,1949.67
506,Kenya,2002.0,32779823.0,401.09,1931.39
507,Kenya,2003.0,33767122.0,441.39,1967.99
508,Kenya,2004.0,34791836.0,462.62,2061.42
509,Kenya,2005.0,35843010.0,522.78,2185.6
510,Kenya,2006.0,36925253.0,699.4,2328.56
511,Kenya,2007.0,38036793.0,840.19,2480.65
512,Kenya,2008.0,39186895.0,916.0,2459.73
513,Kenya,2009.0,40364444.0,1049.12,2482.75
514,Kenya,2010.0,41517895.0,1093.64,2639.63
515,Kenya,2011.0,42635144.0,1099.32,2758.24
516,Kenya,2012.0,43725806.0,1289.78,2870.68
517,Kenya,2013.0,44792368.0,1376.83,3147.95
518,Kenya,2014.0,45831863.0,1489.92,3421.25
519,Kenya,2015.0,46851488.0,1496.65,3763.76
520,Kenya,2016.0,47894670.0,1562.08,4025.84
521,Kenya,2017.0,48948137.0,1675.99,4312.91
522,Kenya,2018.0,49953304.0,1845.78,4572.15
523,Kenya,2019.0,50951450.0,1970.08,4796.35
524,Kenya,2020.0,51985780.0,1936.25,4749.28
525,Lesotho,2000.0,1998630.0,443.95,1276.24
526,Lesotho,2001.0,1999473.0,412.96,1350.91
527,Lesotho,2002.0,1997534.0,388.37,1383.23
528,Lesotho,2003.0,1993030.0,580.94,1478.18
529,Lesotho,2004.0,1985384.0,761.18,1549.5
530,Lesotho,2005.0,1977424.0,850.78,1660.13
531,Lesotho,2006.0,1976780.0,910.62,1784.33
532,Lesotho,2007.0,1983465.0,848.02,1902.86
533,Lesotho,2008.0,1995014.0,885.62,2034.6
534,Lesotho,2009.0,2009169.0,866.45,2007.69
535,Lesotho,2010.0,2022747.0,1104.8,2124.46
536,Lesotho,2011.0,2037677.0,1265.86,2252.05
537,Lesotho,2012.0,2054718.0,1205.86,2264.28
538,Lesotho,2013.0,2073939.0,1141.36,2506.95
539,Lesotho,2014.0,2095242.0,1165.05,2734.86
540,Lesotho,2015.0,2118521.0,1113.87,2990.95
541,Lesotho,2016.0,2143872.0,986.27,2894.83
542,Lesotho,2017.0,2170617.0,1062.71,2571.69
543,Lesotho,2018.0,2198017.0,1162.98,2562.18
544,Lesotho,2019.0,2225702.0,1094.5,2556.02
545,Lesotho,2020.0,2254100.0,939.5,2413.08
546,Liberia,2000.0,2895224.0,301.88,976.24
547,Liberia,2001.0,2981648.0,303.86,997.61
548,Liberia,2002.0,3060599.0,302.88,1024.16
549,Liberia,2003.0,3085173.0,242.45,723.74
550,Liberia,2004.0,3122447.0,287.27,753.53
551,Liberia,2005.0,3266318.0,290.54,782.16
552,Liberia,2006.0,3455397.0,323.84,823.49
553,Liberia,2007.0,3632740.0,377.95,881.16
554,Liberia,2008.0,3783887.0,456.14,923.8
555,Liberia,2009.0,3905066.0,452.75,948.62
556,Liberia,2010.0,4019956.0,497.02,989.47
557,Liberia,2011.0,4181150.0,573.53,1050.73
558,Liberia,2012.0,4331740.0,644.46,1149.99
559,Liberia,2013.0,4427313.0,717.64,1331.33
560,Liberia,2014.0,4519398.0,713.73,1367.67
561,Liberia,2015.0,4612329.0,699.66,1272.6
562,Liberia,2016.0,4706097.0,722.13,1393.54
563,Liberia,2017.0,4796631.0,706.89,1533.41
564,Liberia,2018.0,4889391.0,700.04,1558.32
565,Liberia,2019.0,4985289.0,665.88,1517.37
566,Liberia,2020.0,5087584.0,597.53,1461.34
567,Libya,2000.0,5154790.0,7424.35,21215.23
568,Libya,2001.0,5275916.0,6465.62,20821.52
569,Libya,2002.0,5405326.0,3789.21,20441.86
570,Libya,2003.0,5542641.0,4738.83,22974.88
571,Libya,2004.0,5687563.0,5823.64,24016.25
572,Libya,2005.0,5837986.0,8108.05,26995.69
573,Libya,2006.0,5973369.0,10060.36,28965.96
574,Libya,2007.0,6097177.0,11158.11,30960.41
575,Libya,2008.0,6228370.0,13921.9,30839.5
576,Libya,2009.0,6360191.0,9560.8,29056.51
577,Libya,2010.0,6491988.0,11611.36,30257.01
578,Libya,2011.0,6188132.0,7784.13,16091.44
579,Libya,2012.0,5869870.0,15765.42,29393.28
580,Libya,2013.0,5985221.0,12589.53,24136.07
581,Libya,2014.0,6097764.0,9408.75,20809.59
582,Libya,2015.0,6192235.0,7867.52,22163.14
583,Libya,2016.0,6282196.0,7945.01,21871.77
584,Libya,2017.0,6378261.0,10529.12,24212.91
585,Libya,2018.0,6477793.0,11838.3,26352.83
586,Libya,2019.0,6569088.0,10542.43,23491.2
587,Libya,2020.0,6653942.0,7034.66,16495.99
588,Madagascar,2000.0,16216431.0,285.47,1258.49
589,Madagascar,2001.0,16709665.0,325.46,1323.54
590,Madagascar,2002.0,17211934.0,310.93,1143.03
591,Madagascar,2003.0,17724310.0,359.53,1242.64
592,Madagascar,2004.0,18250774.0,277.51,1304.34
593,Madagascar,2005.0,18792171.0,311.79,1368.62
594,Madagascar,2006.0,19350299.0,330.52,1444.12
595,Madagascar,2007.0,19924958.0,427.84,1522.63
596,Madagascar,2008.0,20513599.0,522.83,1608.48
597,Madagascar,2009.0,21117092.0,455.41,1509.96
598,Madagascar,2010.0,21731053.0,459.38,1494.13
599,Madagascar,2011.0,22348158.0,516.9,1506.47
600,Madagascar,2012.0,22966240.0,504.17,1489.63
601,Madagascar,2013.0,23588073.0,526.69,1494.69
602,Madagascar,2014.0,24215976.0,517.14,1515.6
603,Madagascar,2015.0,24850912.0,455.64,1508.44
604,Madagascar,2016.0,25501941.0,464.62,1568.39
605,Madagascar,2017.0,26169542.0,503.5,1548.16
606,Madagascar,2018.0,26846541.0,512.54,1594.76
607,Madagascar,2019.0,27533134.0,512.28,1652.71
608,Madagascar,2020.0,28225177.0,462.4,1516.65
609,Malawi,2000.0,11229387.0,225.95,981.7
610,Malawi,2001.0,11498818.0,217.24,931.53
611,Malawi,2002.0,11784498.0,431.7,938.8
612,Malawi,2003.0,12087965.0,386.32,986.55
613,Malawi,2004.0,12411342.0,407.59,1040.12
614,Malawi,2005.0,12755648.0,417.1,1077.9
615,Malawi,2006.0,13118307.0,443.52,1131.22
616,Malawi,2007.0,13495463.0,478.03,1237.74
617,Malawi,2008.0,13889423.0,557.52,1319.33
618,Malawi,2009.0,14298932.0,630.11,1397.18
619,Malawi,2010.0,14718422.0,688.14,1468.1
620,Malawi,2011.0,15146094.0,769.05,1528.12
621,Malawi,2012.0,15581251.0,563.06,1486.91
622,Malawi,2013.0,16024775.0,501.2,1594.53
623,Malawi,2014.0,16477966.0,534.13,1552.27
624,Malawi,2015.0,16938942.0,544.28,1457.14
625,Malawi,2016.0,17405624.0,454.44,1475.12
626,Malawi,2017.0,17881167.0,500.17,1454.78
627,Malawi,2018.0,18367883.0,537.93,1513.97
628,Malawi,2019.0,18867337.0,584.36,1582.07
629,Malawi,2020.0,19377061.0,622.18,1573.04
630,Mali,2000.0,11239101.0,263.5,1103.74
631,Mali,2001.0,11583824.0,299.41,1263.4
632,Mali,2002.0,11952660.0,326.97,1282.12
633,Mali,2003.0,12342165.0,381.95,1381.63
634,Mali,2004.0,12751995.0,427.72,1394.54
635,Mali,2005.0,13180551.0,474.0,1482.44
636,Mali,2006.0,13623541.0,506.91,1547.42
637,Mali,2007.0,14080912.0,579.26,1591.33
638,Mali,2008.0,14551117.0,676.13,1644.36
639,Mali,2009.0,15032635.0,680.65,1678.88
640,Mali,2010.0,15529181.0,688.33,1732.13
641,Mali,2011.0,16039734.0,810.18,1766.84
642,Mali,2012.0,16514687.0,753.39,1706.68
643,Mali,2013.0,17004033.0,778.8,1753.88
644,Mali,2014.0,17551814.0,818.43,1847.91
645,Mali,2015.0,18112907.0,723.5,1957.0
646,Mali,2016.0,18700106.0,750.05,2103.01
647,Mali,2017.0,19311355.0,795.68,2153.85
648,Mali,2018.0,19934298.0,856.36,2238.12
649,Mali,2019.0,20567424.0,840.18,2313.16
650,Mali,2020.0,21224040.0,822.91,2242.79
651,Mauritania,2000.0,2695003.0,660.3,2964.59
652,Mauritania,2001.0,2761823.0,632.21,2934.39
653,Mauritania,2002.0,2821703.0,629.78,2957.18
654,Mauritania,2003.0,2883326.0,711.38,3155.55
655,Mauritania,2004.0,2946575.0,801.78,3320.77
656,Mauritania,2005.0,3012360.0,974.66,3637.09
657,Mauritania,2006.0,3081229.0,1272.08,4337.52
658,Mauritania,2007.0,3153508.0,1378.22,4266.92
659,Mauritania,2008.0,3233336.0,1610.24,4227.35
660,Mauritania,2009.0,3322616.0,1418.94,4144.17
661,Mauritania,2010.0,3419461.0,1646.13,4181.98
662,Mauritania,2011.0,3524249.0,1919.45,4314.77
663,Mauritania,2012.0,3636113.0,1850.38,4344.63
664,Mauritania,2013.0,3742959.0,1929.78,4570.49
665,Mauritania,2014.0,3843174.0,1715.39,4393.09
666,Mauritania,2015.0,3946220.0,1562.73,4306.68
667,Mauritania,2016.0,4051890.0,1579.2,4829.6
668,Mauritania,2017.0,4160015.0,1634.64,5259.07
669,Mauritania,2018.0,4270712.0,1749.95,5496.25
670,Mauritania,2019.0,4383849.0,1839.96,5739.15
671,Mauritania,2020.0,4498604.0,1868.47,5612.55
672,Mauritius,2000.0,1186873.0,3929.08,9138.58
673,Mauritius,2001.0,1196287.0,3856.63,9581.28
674,Mauritius,2002.0,1204621.0,4018.95,9819.34
675,Mauritius,2003.0,1213370.0,4793.72,10529.98
676,Mauritius,2004.0,1221003.0,5388.06,11210.32
677,Mauritius,2005.0,1228254.0,5282.9,11697.9
678,Mauritius,2006.0,1233996.0,5695.98,12586.73
679,Mauritius,2007.0,1239630.0,6574.66,13605.1
680,Mauritius,2008.0,1244121.0,8030.05,14560.25
681,Mauritius,2009.0,1247429.0,7318.13,15099.2
682,Mauritius,2010.0,1250400.0,8000.38,15911.63
683,Mauritius,2011.0,1252404.0,9197.04,16877.47
684,Mauritius,2012.0,1255882.0,9291.24,17191.91
685,Mauritius,2013.0,1258927.0,9764.64,18102.92
686,Mauritius,2014.0,1261208.0,10366.36,18874.82
687,Mauritius,2015.0,1262879.0,9507.87,19743.63
688,Mauritius,2016.0,1263747.0,9965.73,21308.69
689,Mauritius,2017.0,1264887.0,10841.68,22143.83
690,Mauritius,2018.0,1265577.0,11643.46,23571.89
691,Mauritius,2019.0,1265985.0,11403.25,24680.56
692,Mauritius,2020.0,1266014.0,9005.46,21352.4
693,Morocco,2000.0,28554415.0,1492.38,3912.1
694,Morocco,2001.0,28930097.0,1500.36,4251.73
695,Morocco,2002.0,29301817.0,1590.49,4420.75
696,Morocco,2003.0,29661270.0,1936.09,4726.6
697,Morocco,2004.0,30033125.0,2177.8,5010.85
698,Morocco,2005.0,30431902.0,2237.58,5261.41
699,Morocco,2006.0,30833022.0,2433.21,5768.4
700,Morocco,2007.0,31232633.0,2751.42,6047.79
701,Morocco,2008.0,31634992.0,3180.17,6429.33
702,Morocco,2009.0,32042877.0,3118.14,6625.44
703,Morocco,2010.0,32464865.0,3067.85,6847.39
704,Morocco,2011.0,32903699.0,3302.45,7275.17
705,Morocco,2012.0,33352169.0,3164.0,7280.84
706,Morocco,2013.0,33803527.0,3377.64,7483.1
707,Morocco,2014.0,34248603.0,3430.53,7149.04
708,Morocco,2015.0,34680458.0,3139.23,7669.95
709,Morocco,2016.0,35107264.0,3132.95,7693.06
710,Morocco,2017.0,35528115.0,3288.5,7921.62
711,Morocco,2018.0,35927511.0,3492.67,8266.14
712,Morocco,2019.0,36304408.0,3498.58,8566.12
713,Morocco,2020.0,36688772.0,3258.1,7968.67
714,Mozambique,2000.0,17768505.0,318.34,476.25
715,Mozambique,2001.0,18220716.0,296.29,532.29
716,Mozambique,2002.0,18694946.0,303.67,575.82
717,Mozambique,2003.0,19186754.0,328.53,611.49
718,Mozambique,2004.0,19694411.0,387.48,660.15
719,Mozambique,2005.0,20211114.0,422.64,707.53
720,Mozambique,2006.0,20735982.0,442.56,779.82
721,Mozambique,2007.0,21280513.0,491.1,840.73
722,Mozambique,2008.0,21845571.0,574.77,895.77
723,Mozambique,2009.0,22436660.0,531.03,933.22
724,Mozambique,2010.0,23073723.0,481.27,978.07
725,Mozambique,2011.0,23760421.0,605.27,1041.45
726,Mozambique,2012.0,24487611.0,667.72,1051.38
727,Mozambique,2013.0,25251731.0,672.2,1098.26
728,Mozambique,2014.0,26038704.0,680.38,1149.88
729,Mozambique,2015.0,26843246.0,594.23,1300.83
730,Mozambique,2016.0,27696493.0,430.99,1370.24
731,Mozambique,2017.0,28569441.0,462.7,1287.23
732,Mozambique,2018.0,29423878.0,504.54,1323.98
733,Mozambique,2019.0,30285595.0,508.16,1339.69
734,Mozambique,2020.0,31178239.0,454.06,1302.51
735,Namibia,2000.0,1819141.0,2156.09,5126.59
736,Namibia,2001.0,1856402.0,1916.26,5197.38
737,Namibia,2002.0,1888525.0,1773.43,5437.07
738,Namibia,2003.0,1915425.0,2571.98,5698.28
739,Namibia,2004.0,1939406.0,3407.85,6487.93
740,Namibia,2005.0,1962865.0,3692.75,6778.63
741,Namibia,2006.0,1986558.0,4027.96,7392.82
742,Namibia,2007.0,2011492.0,4394.52,7901.46
743,Namibia,2008.0,2038552.0,4222.33,8156.67
744,Namibia,2009.0,2067919.0,4322.63,8116.32
745,Namibia,2010.0,2099271.0,5445.42,8579.84
746,Namibia,2011.0,2132340.0,5873.06,9061.27
747,Namibia,2012.0,2167470.0,6017.18,9458.79
748,Namibia,2013.0,2204510.0,5463.03,9863.58
749,Namibia,2014.0,2243001.0,5544.1,10609.21
750,Namibia,2015.0,2282704.0,4965.67,10783.27
751,Namibia,2016.0,2323352.0,4614.89,10582.82
752,Namibia,2017.0,2364534.0,5453.57,10335.27
753,Namibia,2018.0,2405680.0,5687.38,10512.98
754,Namibia,2019.0,2446644.0,5126.18,10434.1
755,Namibia,2020.0,2489098.0,4252.04,9548.23
756,Niger,2000.0,11622665.0,192.88,756.76
757,Niger,2001.0,12031430.0,203.53,801.85
758,Niger,2002.0,12456517.0,223.35,825.24
759,Niger,2003.0,12900790.0,263.09,830.18
760,Niger,2004.0,13366885.0,281.33,825.74
761,Niger,2005.0,13855221.0,316.37,881.85
762,Niger,2006.0,14365168.0,331.1,928.8
763,Niger,2007.0,14897873.0,384.72,948.69
764,Niger,2008.0,15455175.0,472.18,1004.08
765,Niger,2009.0,16037915.0,458.42,992.91
766,Niger,2010.0,16647543.0,471.61,1051.09
767,Niger,2011.0,17283112.0,507.6,1057.84
768,Niger,2012.0,17954407.0,525.05,1148.4
769,Niger,2013.0,18653199.0,548.16,1118.35
770,Niger,2014.0,19372014.0,560.75,1134.74
771,Niger,2015.0,20128124.0,481.11,1138.11
772,Niger,2016.0,20921743.0,497.04,1146.01
773,Niger,2017.0,21737922.0,514.54,1155.97
774,Niger,2018.0,22577058.0,567.33,1221.95
775,Niger,2019.0,23443393.0,550.96,1269.08
776,Niger,2020.0,24333639.0,564.82,1282.58
777,Nigeria,2000.0,122851984.0,565.31,2292.84
778,Nigeria,2001.0,126152678.0,586.83,2418.27
779,Nigeria,2002.0,129583026.0,733.54,2757.45
780,Nigeria,2003.0,133119801.0,786.8,2938.27
781,Nigeria,2004.0,136756848.0,992.75,3208.59
782,Nigeria,2005.0,140490722.0,1250.41,3428.65
783,Nigeria,2006.0,144329764.0,1652.15,3648.9
784,Nigeria,2007.0,148294028.0,1876.41,3887.74
785,Nigeria,2008.0,152382506.0,2227.79,4116.83
786,Nigeria,2009.0,156595758.0,1883.89,4355.77
787,Nigeria,2010.0,160952853.0,2280.11,4632.13
788,Nigeria,2011.0,165463745.0,2504.88,4843.6
789,Nigeria,2012.0,170075932.0,2728.02,4899.53
790,Nigeria,2013.0,174726123.0,2976.76,5136.65
791,Nigeria,2014.0,179379016.0,3200.95,5415.86
792,Nigeria,2015.0,183995785.0,2679.55,5342.04
793,Nigeria,2016.0,188666931.0,2144.78,5159.58
794,Nigeria,2017.0,193495907.0,1941.88,5120.01
795,Nigeria,2018.0,198387623.0,2125.83,5212.14
796,Nigeria,2019.0,203304492.0,2334.02,5291.66
797,Nigeria,2020.0,208327405.0,2074.61,5137.6
798,Republic of Congo,2000.0,3134030.0,1029.96,3687.23
799,Republic of Congo,2001.0,3254101.0,859.44,3769.27
800,Republic of Congo,2002.0,3331158.0,910.87,3910.8
801,Republic of Congo,2003.0,3424653.0,1023.09,3910.65
802,Republic of Congo,2004.0,3543012.0,1314.41,4016.43
803,Republic of Congo,2005.0,3672839.0,1810.59,4305.87
804,Republic of Congo,2006.0,3813323.0,2116.87,4616.64
805,Republic of Congo,2007.0,3956329.0,2219.91,4267.76
806,Republic of Congo,2008.0,4089602.0,2848.65,4473.23
807,Republic of Congo,2009.0,4257230.0,2283.95,4827.91
808,Republic of Congo,2010.0,4437884.0,2962.76,5152.52
809,Republic of Congo,2011.0,4584216.0,3415.06,5204.0
810,Republic of Congo,2012.0,4713257.0,3753.86,6062.82
811,Republic of Congo,2013.0,4828066.0,3719.65,5810.92
812,Republic of Congo,2014.0,4944861.0,3622.53,5681.77
813,Republic of Congo,2015.0,5064386.0,2347.82,4448.92
814,Republic of Congo,2016.0,5186824.0,1970.25,3687.58
815,Republic of Congo,2017.0,5312340.0,2088.5,4073.93
816,Republic of Congo,2018.0,5441062.0,2512.38,3877.44
817,Republic of Congo,2019.0,5570733.0,2288.81,3851.77
818,Republic of Congo,2020.0,5702174.0,1838.45,3574.24
819,Rwanda,2000.0,8109989.0,255.09,617.0
820,Rwanda,2001.0,8223941.0,239.12,674.94
821,Rwanda,2002.0,8372306.0,234.81,762.14
822,Rwanda,2003.0,8567992.0,249.56,776.16
823,Rwanda,2004.0,8791853.0,270.3,834.55
824,Rwanda,2005.0,9026299.0,325.02,916.98
825,Rwanda,2006.0,9270066.0,358.11,1005.34
826,Rwanda,2007.0,9523168.0,427.42,1081.79
827,Rwanda,2008.0,9781996.0,529.52,1193.17
828,Rwanda,2009.0,10043737.0,564.97,1242.6
829,Rwanda,2010.0,10309031.0,594.11,1315.03
830,Rwanda,2011.0,10576932.0,650.94,1412.48
831,Rwanda,2012.0,10840334.0,706.14,1449.6
832,Rwanda,2013.0,11101350.0,704.42,1503.84
833,Rwanda,2014.0,11368451.0,724.73,1664.86
834,Rwanda,2015.0,11642959.0,733.82,1763.09
835,Rwanda,2016.0,11930899.0,728.81,1842.05
836,Rwanda,2017.0,12230339.0,756.55,1934.97
837,Rwanda,2018.0,12531808.0,768.96,2098.97
838,Rwanda,2019.0,12835028.0,806.13,2283.58
839,Rwanda,2020.0,13146362.0,773.82,2182.39
840,Sao Tome and Principe,2000.0,143714.0,1009.49,2544.63
841,Sao Tome and Principe,2001.0,146258.0,519.3,1819.34
842,Sao Tome and Principe,2002.0,149841.0,568.41,1864.11
843,Sao Tome and Principe,2003.0,153762.0,663.92,2006.02
844,Sao Tome and Principe,2004.0,157697.0,726.6,2079.53
845,Sao Tome and Principe,2005.0,161680.0,843.96,2230.28
846,Sao Tome and Principe,2006.0,165725.0,861.52,2441.84
847,Sao Tome and Principe,2007.0,169845.0,878.14,2536.11
848,Sao Tome and Principe,2008.0,174004.0,1080.56,2680.12
849,Sao Tome and Principe,2009.0,178128.0,1054.42,2698.78
850,Sao Tome and Principe,2010.0,182138.0,1079.69,2849.29
851,Sao Tome and Principe,2011.0,186044.0,1244.27,2972.67
852,Sao Tome and Principe,2012.0,189924.0,1319.9,2930.93
853,Sao Tome and Principe,2013.0,193757.0,1551.19,3290.28
854,Sao Tome and Principe,2014.0,197497.0,1754.6,3782.98
855,Sao Tome and Principe,2015.0,201124.0,1571.5,3805.34
856,Sao Tome and Principe,2016.0,204632.0,1688.38,3862.71
857,Sao Tome and Principe,2017.0,208036.0,1805.52,3934.89
858,Sao Tome and Principe,2018.0,211344.0,1950.63,4083.24
859,Sao Tome and Principe,2019.0,214599.0,1991.74,4183.95
860,Sao Tome and Principe,2020.0,218641.0,2161.31,4286.02
861,Senegal,2000.0,9704287.0,619.64,2016.43
862,Senegal,2001.0,9938027.0,654.84,2100.16
863,Senegal,2002.0,10180950.0,688.19,2083.43
864,Senegal,2003.0,10434504.0,840.36,2188.88
865,Senegal,2004.0,10698691.0,941.87,2293.92
866,Senegal,2005.0,10974057.0,1003.19,2405.91
867,Senegal,2006.0,11263387.0,1038.58,2472.76
868,Senegal,2007.0,11563869.0,1210.17,2543.52
869,Senegal,2008.0,11872929.0,1419.53,2618.33
870,Senegal,2009.0,12195029.0,1323.97,2636.12
871,Senegal,2010.0,12530121.0,1286.6,2684.49
872,Senegal,2011.0,12875880.0,1383.54,2702.26
873,Senegal,2012.0,13231833.0,1334.73,2774.65
874,Senegal,2013.0,13595566.0,1391.53,2780.11
875,Senegal,2014.0,13970308.0,1417.09,2872.12
876,Senegal,2015.0,14356181.0,1238.13,3017.35
877,Senegal,2016.0,14751356.0,1290.75,3126.43
878,Senegal,2017.0,15157793.0,1385.2,3259.19
879,Senegal,2018.0,15574909.0,1484.23,3449.85
880,Senegal,2019.0,16000781.0,1462.68,3575.97
881,Senegal,2020.0,16436120.0,1492.48,3574.02
882,Seychelles,2000.0,81131.0,8063.66,14640.73
883,Seychelles,2001.0,81202.0,8153.3,14617.78
884,Seychelles,2002.0,83723.0,8864.17,14573.22
885,Seychelles,2003.0,82781.0,9070.29,14145.11
886,Seychelles,2004.0,82475.0,10827.67,14163.15
887,Seychelles,2005.0,82858.0,11802.11,15849.18
888,Seychelles,2006.0,84600.0,12782.99,17506.95
889,Seychelles,2007.0,85033.0,12669.3,19476.32
890,Seychelles,2008.0,86956.0,11265.44,18881.76
891,Seychelles,2009.0,87298.0,9748.96,18459.03
892,Seychelles,2010.0,89770.0,10938.15,18984.88
893,Seychelles,2011.0,87441.0,12113.88,21787.52
894,Seychelles,2012.0,88303.0,12342.51,22183.48
895,Seychelles,2013.0,89949.0,14729.63,22315.92
896,Seychelles,2014.0,91359.0,15188.17,24682.84
897,Seychelles,2015.0,93419.0,14894.49,24310.67
898,Seychelles,2016.0,94677.0,15409.81,26261.84
899,Seychelles,2017.0,95843.0,15961.24,27336.61
900,Seychelles,2018.0,96762.0,16409.47,28756.47
901,Seychelles,2019.0,97625.0,16851.12,30428.56
902,Seychelles,2020.0,98462.0,12020.02,27920.07
903,Sierra Leone,2000.0,4584067.0,138.71,683.35
904,Sierra Leone,2001.0,4857096.0,221.3,617.62
905,Sierra Leone,2002.0,5140113.0,240.51,749.92
906,Sierra Leone,2003.0,5350907.0,255.97,804.26
907,Sierra Leone,2004.0,5533329.0,258.47,850.37
908,Sierra Leone,2005.0,5683334.0,286.29,891.06
909,Sierra Leone,2006.0,5809774.0,320.51,937.05
910,Sierra Leone,2007.0,5939163.0,358.08,1016.5
911,Sierra Leone,2008.0,6090860.0,402.55,1065.11
912,Sierra Leone,2009.0,6259842.0,386.43,1076.47
913,Sierra Leone,2010.0,6436698.0,400.54,1129.8
914,Sierra Leone,2011.0,6612385.0,443.45,1190.1
915,Sierra Leone,2012.0,6788587.0,558.18,1385.23
916,Sierra Leone,2013.0,6964859.0,706.45,1721.26
917,Sierra Leone,2014.0,7140688.0,702.34,1756.73
918,Sierra Leone,2015.0,7314773.0,581.29,1567.98
919,Sierra Leone,2016.0,7493913.0,515.45,1641.3
920,Sierra Leone,2017.0,7677565.0,484.46,1593.52
921,Sierra Leone,2018.0,7861281.0,519.65,1649.04
922,Sierra Leone,2019.0,8046828.0,506.61,1726.07
923,Sierra Leone,2020.0,8233970.0,493.43,1675.21
924,Somalia,2000.0,8721465.0,1009.49,2544.63
925,Somalia,2001.0,9070747.0,1009.49,2544.63
926,Somalia,2002.0,9411103.0,1009.49,2544.63
927,Somalia,2003.0,9758281.0,1009.49,2544.63
928,Somalia,2004.0,10117354.0,1009.49,2544.63
929,Somalia,2005.0,10467292.0,1009.49,2544.63
930,Somalia,2006.0,10784973.0,1009.49,2544.63
931,Somalia,2007.0,11118092.0,1009.49,2544.63
932,Somalia,2008.0,11444870.0,1009.49,2544.63
933,Somalia,2009.0,11730037.0,1009.49,2544.63
934,Somalia,2010.0,12026649.0,1009.49,2544.63
935,Somalia,2011.0,12216837.0,1009.49,2544.63
936,Somalia,2012.0,12440326.0,1009.49,2544.63
937,Somalia,2013.0,12852485.0,356.12,824.8
938,Somalia,2014.0,13309235.0,377.56,939.61
939,Somalia,2015.0,13763906.0,387.61,1086.16
940,Somalia,2016.0,14292847.0,387.19,1127.87
941,Somalia,2017.0,14864221.0,377.35,1059.14
942,Somalia,2018.0,15411094.0,379.99,1124.9
943,Somalia,2019.0,15981300.0,405.79,1186.56
944,Somalia,2020.0,16537016.0,416.22,1190.57
945,South Africa,2000.0,46813266.0,3241.66,8154.2
946,South Africa,2001.0,47229714.0,2867.47,8487.53
947,South Africa,2002.0,47661514.0,2708.42,8857.79
948,South Africa,2003.0,48104048.0,4095.68,9213.44
949,South Africa,2004.0,48556071.0,5268.28,9799.58
950,South Africa,2005.0,49017147.0,5893.19,10540.14
951,South Africa,2006.0,49491756.0,6139.58,11364.2
952,South Africa,2007.0,49996094.0,6662.06,12172.91
953,South Africa,2008.0,50565812.0,6251.88,12658.03
954,South Africa,2009.0,51170779.0,6444.19,12394.93
955,South Africa,2010.0,51784921.0,8059.56,12771.91
956,South Africa,2011.0,52443325.0,8737.04,13281.5
957,South Africa,2012.0,53145033.0,8173.87,13138.03
958,South Africa,2013.0,53873616.0,7441.23,13559.84
959,South Africa,2014.0,54729551.0,6965.14,13556.03
960,South Africa,2015.0,55876504.0,6204.93,13581.76
961,South Africa,2016.0,56422274.0,5735.07,13696.16
962,South Africa,2017.0,56641209.0,6734.48,13950.45
963,South Africa,2018.0,57339635.0,7048.51,14326.65
964,South Africa,2019.0,58087055.0,6688.77,14439.69
965,South Africa,2020.0,58801927.0,5741.64,13533.78
966,South Sudan,2000.0,6114440.0,1009.49,2544.63
967,South Sudan,2001.0,6394431.0,1009.49,2544.63
968,South Sudan,2002.0,6686100.0,1009.49,2544.63
969,South Sudan,2003.0,6992367.0,1009.49,2544.63
970,South Sudan,2004.0,7317118.0,1009.49,2544.63
971,South Sudan,2005.0,7662654.0,1009.49,2544.63
972,South Sudan,2006.0,8029517.0,1009.49,2544.63
973,South Sudan,2007.0,8417823.0,1009.49,2544.63
974,South Sudan,2008.0,8823888.0,1653.04,2884.61
975,South Sudan,2009.0,9229227.0,1325.28,2915.53
976,South Sudan,2010.0,9714419.0,1503.13,2957.2
977,South Sudan,2011.0,10243050.0,1455.36,2730.01
978,South Sudan,2012.0,10701604.0,1114.92,1435.68
979,South Sudan,2013.0,11106031.0,1659.14,1957.28
980,South Sudan,2014.0,11213284.0,1245.15,1407.7
981,South Sudan,2015.0,11194299.0,1071.78,1181.93
982,South Sudan,2016.0,11066105.0,1009.49,2544.63
983,South Sudan,2017.0,10658226.0,1009.49,2544.63
984,South Sudan,2018.0,10395329.0,1009.49,2544.63
985,South Sudan,2019.0,10447666.0,1009.49,2544.63
986,South Sudan,2020.0,10606227.0,1009.49,2544.63
987,Sudan,2000.0,26298773.0,378.16,2732.03
988,Sudan,2001.0,26947253.0,471.37,2892.32
989,Sudan,2002.0,27570318.0,529.45,3030.69
990,Sudan,2003.0,28188977.0,607.01,3198.5
991,Sudan,2004.0,28831550.0,737.12,3360.8
992,Sudan,2005.0,29540577.0,945.69,3558.0
993,Sudan,2006.0,30332968.0,1179.9,3789.27
994,Sudan,2007.0,31191163.0,1500.67,3985.38
995,Sudan,2008.0,32065241.0,1585.58,4086.01
996,Sudan,2009.0,32948155.0,1382.62,3876.26
997,Sudan,2010.0,33739933.0,1706.41,3954.47
998,Sudan,2011.0,34419624.0,1982.82,4293.56
999,Sudan,2012.0,35159792.0,1797.4,3917.82
1000,Sudan,2013.0,35990704.0,1834.56,3953.74
1001,Sudan,2014.0,37003245.0,2076.0,4544.04
1002,Sudan,2015.0,38171178.0,2226.41,4519.49
1003,Sudan,2016.0,39377169.0,2614.29,4813.87
1004,Sudan,2017.0,40679828.0,3188.77,4613.95
1005,Sudan,2018.0,41999059.0,769.87,4453.77
1006,Sudan,2019.0,43232093.0,748.01,4308.42
1007,Sudan,2020.0,44440486.0,608.33,4091.84
1008,Tanzania,2000.0,34463704.0,399.45,1156.63
1009,Tanzania,2001.0,35414469.0,394.73,1220.89
1010,Tanzania,2002.0,36353531.0,400.43,1293.65
1011,Tanzania,2003.0,37333918.0,419.77,1370.33
1012,Tanzania,2004.0,38360879.0,447.51,1472.28
1013,Tanzania,2005.0,39439505.0,480.28,1587.42
1014,Tanzania,2006.0,40562052.0,473.37,1695.14
1015,Tanzania,2007.0,41716497.0,539.12,1807.45
1016,Tanzania,2008.0,42870884.0,671.57,1894.54
1017,Tanzania,2009.0,43957933.0,681.24,1957.61
1018,Tanzania,2010.0,45110527.0,730.81,2052.96
1019,Tanzania,2011.0,46416031.0,768.93,2193.04
1020,Tanzania,2012.0,47786137.0,854.54,2067.22
1021,Tanzania,2013.0,49253643.0,955.32,2160.78
1022,Tanzania,2014.0,50814552.0,1012.98,2206.36
1023,Tanzania,2015.0,52542823.0,929.11,2301.8
1024,Tanzania,2016.0,54401802.0,942.88,2418.74
1025,Tanzania,2017.0,56267032.0,975.92,2457.62
1026,Tanzania,2018.0,58090443.0,1011.6,2571.17
1027,Tanzania,2019.0,59872579.0,1050.93,2687.12
1028,Tanzania,2020.0,61704518.0,1104.16,2694.43
1029,Togo,2000.0,5008035.0,404.82,1297.95
1030,Togo,2001.0,5145426.0,391.52,1302.39
1031,Togo,2002.0,5281538.0,439.13,1337.91
1032,Togo,2003.0,5421001.0,530.39,1418.54
1033,Togo,2004.0,5565218.0,551.85,1404.99
1034,Togo,2005.0,5711597.0,542.82,1346.02
1035,Togo,2006.0,5874240.0,544.01,1384.89
1036,Togo,2007.0,6047537.0,598.31,1365.33
1037,Togo,2008.0,6222482.0,725.85,1407.33
1038,Togo,2009.0,6398624.0,717.68,1453.63
1039,Togo,2010.0,6571855.0,709.14,1519.69
1040,Togo,2011.0,6748672.0,779.76,1607.27
1041,Togo,2012.0,6926635.0,759.9,1630.82
1042,Togo,2013.0,7106229.0,826.43,1696.12
1043,Togo,2014.0,7288383.0,853.01,1767.92
1044,Togo,2015.0,7473229.0,760.24,1860.73
1045,Togo,2016.0,7661354.0,787.28,1915.59
1046,Togo,2017.0,7852795.0,814.42,1972.7
1047,Togo,2018.0,8046679.0,873.56,2072.75
1048,Togo,2019.0,8243094.0,848.3,2161.05
1049,Togo,2020.0,8442580.0,875.25,2179.76
1050,Tunisia,2000.0,9893316.0,2170.51,6196.74
1051,Tunisia,2001.0,9995123.0,2207.66,6509.91
1052,Tunisia,2002.0,10094561.0,2292.48,6632.82
1053,Tunisia,2003.0,10193798.0,2693.2,7012.84
1054,Tunisia,2004.0,10292225.0,3029.85,7576.98
1055,Tunisia,2005.0,10388344.0,3106.58,8012.21
1056,Tunisia,2006.0,10483558.0,3279.1,8613.62
1057,Tunisia,2007.0,10580395.0,3678.06,9353.56
1058,Tunisia,2008.0,10680380.0,4200.17,9843.91
1059,Tunisia,2009.0,10784504.0,4029.46,10109.96
1060,Tunisia,2010.0,10895063.0,4241.01,10428.54
1061,Tunisia,2011.0,11032528.0,4361.95,10297.42
1062,Tunisia,2012.0,11174383.0,4233.92,10416.95
1063,Tunisia,2013.0,11300284.0,4308.34,10438.95
1064,Tunisia,2014.0,11428948.0,4398.64,10671.93
1065,Tunisia,2015.0,11557779.0,3960.92,10471.21
1066,Tunisia,2016.0,11685667.0,3796.11,10634.5
1067,Tunisia,2017.0,11811443.0,3569.72,10874.95
1068,Tunisia,2018.0,11933041.0,3577.17,11312.24
1069,Tunisia,2019.0,12049314.0,3477.84,11585.15
1070,Tunisia,2020.0,12161723.0,3497.73,10602.52
1071,Uganda,2000.0,24020697.0,257.83,1123.11
1072,Uganda,2001.0,24763325.0,235.85,1171.72
1073,Uganda,2002.0,25545090.0,241.87,1254.3
1074,Uganda,2003.0,26354736.0,250.69,1320.01
1075,Uganda,2004.0,27146084.0,292.47,1405.51
1076,Uganda,2005.0,27946588.0,330.6,1497.23
1077,Uganda,2006.0,28773227.0,346.77,1660.76
1078,Uganda,2007.0,29629804.0,401.71,1795.67
1079,Uganda,2008.0,30509862.0,473.3,1932.1
1080,Uganda,2009.0,31412520.0,799.93,2017.07
1081,Uganda,2010.0,32341728.0,824.74,2094.43
1082,Uganda,2011.0,33295738.0,837.1,2271.73
1083,Uganda,2012.0,34273295.0,796.71,2030.65
1084,Uganda,2013.0,35273570.0,819.76,2038.31
1085,Uganda,2014.0,36336539.0,897.51,2121.45
1086,Uganda,2015.0,37477356.0,864.18,2171.24
1087,Uganda,2016.0,38748299.0,753.68,2141.12
1088,Uganda,2017.0,40127085.0,766.18,2128.4
1089,Uganda,2018.0,41515395.0,793.13,2239.48
1090,Uganda,2019.0,42949080.0,823.02,2345.44
1091,Uganda,2020.0,44404611.0,846.88,2365.99
1092,Zambia,2000.0,9891136.0,364.03,1730.23
1093,Zambia,2001.0,10191964.0,401.73,1808.28
1094,Zambia,2002.0,10508294.0,399.1,1861.44
1095,Zambia,2003.0,10837973.0,452.29,1968.25
1096,Zambia,2004.0,11188040.0,556.05,2095.53
1097,Zambia,2005.0,11564870.0,720.45,2242.11
1098,Zambia,2006.0,11971567.0,1065.6,2409.24
1099,Zambia,2007.0,12402073.0,1133.44,2587.96
1100,Zambia,2008.0,12852966.0,1393.52,2742.91
1101,Zambia,2009.0,13318087.0,1150.94,2909.73
1102,Zambia,2010.0,13792086.0,1469.36,3136.32
1103,Zambia,2011.0,14265814.0,1644.46,3267.41
1104,Zambia,2012.0,14744658.0,1729.65,3357.74
1105,Zambia,2013.0,15234976.0,1840.32,3506.39
1106,Zambia,2014.0,15737793.0,1724.58,3463.42
1107,Zambia,2015.0,16248230.0,1307.91,3352.52
1108,Zambia,2016.0,16767761.0,1249.92,3322.58
1109,Zambia,2017.0,17298054.0,1495.75,3395.48
1110,Zambia,2018.0,17835893.0,1475.2,3508.31
1111,Zambia,2019.0,18380477.0,1268.12,3515.38
1112,Zambia,2020.0,18927715.0,956.83,3361.98
1113,Zimbabwe,2000.0,11834676.0,565.28,2237.3
1114,Zimbabwe,2001.0,11910978.0,569.0,2305.78
1115,Zimbabwe,2002.0,11984644.0,529.19,2120.33
1116,Zimbabwe,2003.0,12075828.0,474.3,1781.16
1117,Zimbabwe,2004.0,12160881.0,477.4,1710.71
1118,Zimbabwe,2005.0,12224753.0,470.78,1654.89
1119,Zimbabwe,2006.0,12330490.0,441.5,1632.78
1120,Zimbabwe,2007.0,12450568.0,425.04,1600.07
1121,Zimbabwe,2008.0,12550347.0,351.84,1331.94
1122,Zimbabwe,2009.0,12679810.0,762.3,1486.27
1123,Zimbabwe,2010.0,12839771.0,937.84,1804.04
1124,Zimbabwe,2011.0,13025785.0,1082.62,2080.61
1125,Zimbabwe,2012.0,13265331.0,1290.19,2349.03
1126,Zimbabwe,2013.0,13555422.0,1408.37,2522.04
1127,Zimbabwe,2014.0,13855753.0,1407.03,2561.73
1128,Zimbabwe,2015.0,14154937.0,1410.33,2615.09
1129,Zimbabwe,2016.0,14452704.0,1421.79,2724.45
1130,Zimbabwe,2017.0,14751101.0,1192.11,2331.78
1131,Zimbabwe,2018.0,15052184.0,2269.18,2457.31
1132,Zimbabwe,2019.0,15354608.0,1421.87,2296.85
1133,Zimbabwe,2020.0,15669666.0,1372.7,2101.8
