emission_id,Country,Year,Total CO2 Emission including LUCF (Mt),Total CO2 Emission excluding LUCF (Mt),Transportation (Mt),Other Fuel Combustion (Mt),Manufacturing/Construction (Mt),Land-Use Change and Forestry (Mt),Industrial Processes (Mt),Energy (Mt),Electricity/Heat (Mt),Bunker Fuels (Mt),Building (Mt)
0,Algeria,2000.0,80.62,80.05,16.85,0.0,6.16,0.57,3.79,76.26,29.17,1.96,9.33
1,Algeria,2001.0,76.24,78.65,17.04,0.0,6.25,-2.41,3.77,74.88,30.2,1.98,9.53
2,Algeria,2002.0,80.0,82.4,19.36,0.0,6.62,-2.41,4.06,78.35,32.28,2.17,9.89
3,Algeria,2003.0,85.78,88.19,21.76,0.0,7.01,-2.41,4.03,84.16,32.53,1.89,10.68
4,Algeria,2004.0,87.09,89.49,22.03,0.0,8.09,-2.41,4.9,84.6,31.75,2.19,11.52
5,Algeria,2005.0,91.78,94.19,24.16,0.0,8.21,-2.41,5.66,88.53,32.6,2.35,12.5
6,Algeria,2006.0,97.4,99.81,25.63,0.0,8.7,-2.41,6.54,93.27,34.24,2.23,12.19
7,Algeria,2007.0,100.34,102.75,27.6,0.0,9.72,-2.41,7.0,95.75,33.96,2.23,13.6
8,Algeria,2008.0,105.34,107.75,29.19,0.0,10.08,-2.41,7.58,100.16,35.28,2.28,13.57
9,Algeria,2009.0,109.77,112.17,30.52,3.93,9.85,-2.41,8.22,103.95,36.67,2.36,13.48
10,Algeria,2010.0,111.77,114.18,31.71,3.57,10.69,-2.41,8.25,105.93,36.44,2.45,13.24
11,Algeria,2011.0,120.16,120.78,34.22,3.96,10.8,-0.63,8.19,112.6,39.3,2.25,14.61
12,Algeria,2012.0,134.31,134.93,38.64,3.53,10.05,-0.63,7.7,127.24,43.46,2.24,16.8
13,Algeria,2013.0,138.4,139.02,40.26,4.12,10.01,-0.63,7.3,131.73,42.96,2.45,18.48
14,Algeria,2014.0,147.11,147.74,43.51,2.37,10.24,-0.63,7.67,140.07,47.86,2.29,19.21
15,Algeria,2015.0,155.65,156.27,46.41,2.49,10.81,-0.63,8.06,148.21,49.76,2.39,21.02
16,Algeria,2016.0,154.85,154.65,45.19,2.65,10.89,0.2,9.11,145.55,47.86,2.09,21.29
17,Algeria,2017.0,157.9,157.7,44.69,3.33,12.03,0.2,10.08,147.62,48.09,2.07,22.4
18,Algeria,2018.0,164.73,164.53,45.46,4.2,12.75,0.2,9.75,154.79,48.55,2.07,26.34
19,Algeria,2019.0,170.78,170.58,45.6,5.73,13.93,0.2,10.1,160.48,50.03,1.53,27.05
20,Algeria,2020.0,161.76,161.56,40.47,4.74,13.29,0.2,8.96,152.61,49.15,0.96,26.87
21,Angola,2000.0,26.4,16.2,1.07,0.0,1.57,10.19,0.08,16.12,0.94,1.43,1.05
22,Angola,2001.0,51.47,15.96,1.2,0.0,1.62,35.51,0.22,15.73,1.04,1.55,1.17
23,Angola,2002.0,51.2,15.69,1.48,0.01,1.78,35.51,0.24,15.45,1.05,1.33,1.19
24,Angola,2003.0,52.28,16.76,2.75,0.01,1.83,35.51,0.28,16.49,1.22,0.8,1.25
25,Angola,2004.0,52.97,17.45,3.45,0.02,2.1,35.51,0.3,17.15,0.86,1.3,1.29
26,Angola,2005.0,51.32,15.81,2.48,0.01,1.72,35.51,0.52,15.29,0.98,0.91,0.97
27,Angola,2006.0,52.06,16.56,3.29,0.02,1.96,35.51,0.54,16.02,1.07,0.81,1.92
28,Angola,2007.0,52.47,16.97,3.9,0.03,2.27,35.51,0.54,16.42,1.18,1.22,2.28
29,Angola,2008.0,54.78,19.28,5.2,0.03,2.09,35.5,0.68,18.59,1.59,1.31,2.9
30,Angola,2009.0,56.65,21.15,5.76,0.04,2.18,35.5,0.69,20.45,2.46,1.19,3.43
31,Angola,2010.0,58.3,22.8,5.68,0.04,2.34,35.5,0.58,22.22,2.61,1.55,3.62
32,Angola,2011.0,59.37,23.87,6.28,0.04,2.42,35.5,0.76,23.1,2.45,1.38,3.99
33,Angola,2012.0,59.37,23.87,6.74,0.05,2.22,35.5,1.15,22.72,2.93,2.16,4.5
34,Angola,2013.0,62.46,26.96,7.7,0.06,1.62,35.5,1.56,25.4,4.33,1.91,5.57
35,Angola,2014.0,65.11,29.61,7.94,0.06,1.46,35.5,1.98,27.63,6.0,2.49,5.43
36,Angola,2015.0,67.15,31.65,7.98,0.05,2.2,35.5,2.03,29.62,6.42,2.56,4.86
37,Angola,2016.0,65.02,29.52,7.91,0.04,2.48,35.5,1.5,28.02,4.57,2.02,4.33
38,Angola,2017.0,60.57,25.06,6.72,0.03,1.36,35.5,1.0,24.07,5.1,2.02,3.5
39,Angola,2018.0,59.14,23.64,6.95,0.03,1.93,35.5,1.04,22.6,5.06,1.98,3.24
40,Angola,2019.0,59.87,24.38,7.93,0.03,1.51,35.48,0.96,23.43,5.74,1.97,3.71
41,Angola,2020.0,55.3,19.81,5.63,0.02,1.33,35.48,1.05,18.76,5.13,1.4,3.02
42,Benin,2000.0,16.42,1.42,0.92,0.0,0.16,14.99,0.0,1.42,0.05,0.07,0.3
43,Benin,2001.0,12.45,1.74,0.99,0.0,0.15,10.71,0.0,1.74,0.06,0.06,0.53
44,Benin,2002.0,12.89,2.18,1.18,0.0,0.15,10.71,0.16,2.02,0.07,0.06,0.62
45,Benin,2003.0,13.15,2.44,1.37,0.0,0.14,10.71,0.17,2.28,0.06,0.11,0.7
46,Benin,2004.0,13.36,2.65,1.4,0.0,0.15,10.71,0.21,2.43,0.06,0.08,0.82
47,Benin,2005.0,13.61,2.9,1.54,0.0,0.14,10.71,0.22,2.68,0.08,0.03,0.92
48,Benin,2006.0,14.18,3.47,1.96,0.0,0.13,10.71,0.23,3.25,0.11,0.07,1.04
49,Benin,2007.0,14.71,4.0,2.43,0.0,0.13,10.71,0.21,3.79,0.15,0.08,1.07
50,Benin,2008.0,14.73,4.02,2.45,0.0,0.12,10.71,0.18,3.84,0.16,0.13,1.11
51,Benin,2009.0,15.13,4.42,2.81,0.0,0.15,10.71,0.22,4.19,0.09,0.27,1.14
52,Benin,2010.0,15.54,4.83,3.17,0.0,0.15,10.71,0.24,4.58,0.09,0.47,1.18
53,Benin,2011.0,15.36,4.65,3.28,0.0,0.17,10.71,0.23,4.42,0.09,0.14,0.88
54,Benin,2012.0,15.16,4.44,3.42,0.0,0.16,10.71,0.24,4.21,0.04,0.16,0.59
55,Benin,2013.0,15.39,4.68,3.84,0.0,0.25,10.71,0.21,4.46,0.09,0.13,0.28
56,Benin,2014.0,15.9,5.19,4.07,0.0,0.46,10.71,0.22,4.97,0.24,0.12,0.2
57,Benin,2015.0,16.22,5.51,4.58,0.0,0.4,10.71,0.21,5.29,0.22,0.11,0.1
58,Benin,2016.0,17.45,6.74,5.8,0.03,0.4,10.71,0.21,6.53,0.19,0.11,0.11
59,Benin,2017.0,17.59,6.88,5.99,0.04,0.33,10.71,0.21,6.66,0.2,0.1,0.1
60,Benin,2018.0,18.31,7.6,6.75,0.05,0.12,10.71,0.39,7.21,0.17,0.09,0.13
61,Benin,2019.0,18.19,7.48,5.91,0.06,0.5,10.71,0.39,7.09,0.27,0.07,0.34
62,Benin,2020.0,18.69,7.98,6.17,0.06,0.52,10.71,0.37,7.61,0.51,0.05,0.35
63,Botswana,2000.0,45.1,4.03,1.22,0.04,0.86,41.07,0.08,4.03,1.66,0.02,0.26
64,Botswana,2001.0,44.94,3.87,1.31,0.06,0.93,41.07,0.08,3.87,1.24,0.02,0.32
65,Botswana,2002.0,45.1,4.03,1.25,0.07,1.07,41.07,0.08,4.03,1.31,0.02,0.33
66,Botswana,2003.0,44.99,3.92,1.34,0.07,0.9,41.08,0.08,3.92,1.37,0.02,0.23
67,Botswana,2004.0,45.08,3.97,1.46,0.11,0.64,41.1,0.08,3.97,1.61,0.03,0.14
68,Botswana,2005.0,45.39,4.28,1.5,0.04,0.92,41.11,0.08,4.28,1.68,0.03,0.15
69,Botswana,2006.0,45.19,4.09,1.62,0.04,1.0,41.1,0.08,4.09,1.28,0.04,0.15
70,Botswana,2007.0,45.42,4.32,1.72,0.13,1.22,41.1,0.08,4.32,1.08,0.03,0.18
71,Botswana,2008.0,45.5,4.39,1.98,0.06,1.15,41.1,0.08,4.39,1.05,0.05,0.14
72,Botswana,2009.0,45.29,4.19,1.84,0.11,1.06,41.11,0.1,4.09,0.94,0.05,0.15
73,Botswana,2010.0,44.48,3.37,1.94,0.04,0.57,41.11,0.1,3.27,0.57,0.04,0.15
74,Botswana,2011.0,44.99,3.88,2.02,0.04,0.6,41.1,0.01,3.88,1.07,0.04,0.14
75,Botswana,2012.0,44.52,3.41,2.06,0.04,0.67,41.1,0.01,3.41,0.48,0.04,0.16
76,Botswana,2013.0,46.52,5.42,2.14,0.04,0.75,41.1,0.01,5.42,2.32,0.04,0.16
77,Botswana,2014.0,48.08,6.99,2.22,0.05,0.79,41.09,0.01,6.98,3.75,0.03,0.18
78,Botswana,2015.0,48.04,6.95,2.3,0.04,0.68,41.09,0.01,6.94,3.81,0.04,0.11
79,Botswana,2016.0,47.73,6.63,2.26,0.04,0.62,41.1,0.01,6.62,3.62,0.04,0.09
80,Botswana,2017.0,48.44,7.34,2.29,0.04,0.63,41.11,0.01,7.33,4.28,0.04,0.09
81,Botswana,2018.0,49.17,8.06,2.45,0.04,0.69,41.11,0.0,8.06,4.79,0.05,0.09
82,Botswana,2019.0,48.34,7.2,2.35,0.04,0.65,41.14,0.0,7.2,4.07,0.05,0.09
83,Botswana,2020.0,46.91,5.76,2.13,0.03,0.57,41.14,0.0,5.76,2.95,0.01,0.08
84,Burkina Faso,2000.0,13.31,1.05,0.54,0.0,0.09,12.26,0.04,1.01,0.25,0.06,0.12
85,Burkina Faso,2001.0,17.48,1.02,0.56,0.0,0.04,16.45,0.02,1.0,0.27,0.06,0.13
86,Burkina Faso,2002.0,17.48,1.03,0.57,0.0,0.04,16.45,0.01,1.02,0.26,0.04,0.14
87,Burkina Faso,2003.0,17.55,1.1,0.6,0.0,0.04,16.45,0.01,1.09,0.3,0.05,0.15
88,Burkina Faso,2004.0,17.58,1.13,0.6,0.0,0.06,16.45,0.01,1.12,0.32,0.05,0.13
89,Burkina Faso,2005.0,17.6,1.15,0.67,0.0,0.06,16.45,0.01,1.14,0.29,0.07,0.11
90,Burkina Faso,2006.0,17.85,1.4,0.8,0.0,0.13,16.45,0.01,1.39,0.34,0.05,0.13
91,Burkina Faso,2007.0,18.13,1.68,0.93,0.0,0.25,16.45,0.01,1.67,0.35,0.04,0.15
92,Burkina Faso,2008.0,18.36,1.91,1.03,0.0,0.19,16.45,0.18,1.73,0.35,0.06,0.16
93,Burkina Faso,2009.0,18.38,1.93,0.98,0.0,0.18,16.45,0.22,1.71,0.4,0.05,0.15
94,Burkina Faso,2010.0,18.55,2.09,1.03,0.0,0.37,16.45,0.23,1.87,0.31,0.09,0.16
95,Burkina Faso,2011.0,8.07,2.2,1.07,0.0,0.4,5.87,0.23,1.97,0.32,0.09,0.18
96,Burkina Faso,2012.0,8.56,2.69,1.28,0.0,0.61,5.87,0.25,2.44,0.37,0.1,0.19
97,Burkina Faso,2013.0,8.82,2.95,1.4,0.0,0.71,5.87,0.23,2.72,0.42,0.14,0.2
98,Burkina Faso,2014.0,8.87,3.0,1.44,0.0,0.68,5.87,0.16,2.84,0.51,0.11,0.21
99,Burkina Faso,2015.0,9.67,3.8,1.61,0.0,0.86,5.87,0.52,3.28,0.58,0.1,0.23
100,Burkina Faso,2016.0,28.1,4.0,1.75,0.0,0.76,24.1,0.64,3.36,0.58,0.07,0.27
101,Burkina Faso,2017.0,28.73,4.63,2.07,0.0,0.94,24.1,0.7,3.93,0.62,0.09,0.29
102,Burkina Faso,2018.0,29.25,5.15,2.31,0.0,1.07,24.1,0.83,4.31,0.61,0.1,0.33
103,Burkina Faso,2019.0,29.75,5.65,2.51,0.0,1.29,24.1,1.06,4.58,0.41,0.1,0.37
104,Burkina Faso,2020.0,29.56,5.46,2.52,0.0,1.3,24.1,0.85,4.61,0.41,0.1,0.38
105,Burundi,2000.0,5.47,0.26,0.19,0.0,0.05,5.21,0.08,0.26,0.0,0.02,0.02
106,Burundi,2001.0,3.33,0.21,0.14,0.0,0.04,3.12,0.08,0.21,0.0,0.02,0.03
107,Burundi,2002.0,3.34,0.22,0.17,0.0,0.02,3.12,0.08,0.22,0.0,0.01,0.02
108,Burundi,2003.0,3.29,0.17,0.13,0.0,0.02,3.12,0.08,0.17,0.0,0.01,0.02
109,Burundi,2004.0,3.27,0.16,0.12,0.0,0.02,3.11,0.08,0.16,0.0,0.02,0.01
110,Burundi,2005.0,3.28,0.16,0.14,0.0,0.0,3.12,0.0,0.16,0.0,0.02,0.02
111,Burundi,2006.0,3.32,0.19,0.16,0.0,0.01,3.13,0.0,0.19,0.0,0.02,0.02
112,Burundi,2007.0,3.32,0.19,0.16,0.0,0.0,3.12,0.0,0.19,0.0,0.02,0.02
113,Burundi,2008.0,3.32,0.2,0.16,0.0,0.01,3.12,0.0,0.2,0.0,0.02,0.02
114,Burundi,2009.0,3.32,0.2,0.16,0.0,0.0,3.12,0.0,0.2,0.0,0.02,0.03
115,Burundi,2010.0,3.45,0.32,0.26,0.0,0.01,3.13,0.0,0.32,0.02,0.01,0.03
116,Burundi,2011.0,-1.46,0.36,0.31,0.0,0.01,-1.82,0.0,0.36,0.01,0.01,0.03
117,Burundi,2012.0,-1.46,0.36,0.31,0.0,0.01,-1.82,0.0,0.36,0.0,0.01,0.04
118,Burundi,2013.0,-1.45,0.37,0.3,0.0,0.01,-1.82,0.0,0.37,0.02,0.01,0.04
119,Burundi,2014.0,-1.45,0.36,0.31,0.0,0.0,-1.82,0.0,0.36,0.03,0.01,0.02
120,Burundi,2015.0,-1.45,0.37,0.33,0.0,0.0,-1.82,0.0,0.37,0.03,0.01,0.01
121,Burundi,2016.0,3.54,0.44,0.38,0.0,0.03,3.1,0.0,0.44,0.02,0.0,0.02
122,Burundi,2017.0,3.62,0.53,0.43,0.0,0.01,3.09,0.0,0.53,0.07,0.01,0.02
123,Burundi,2018.0,3.74,0.66,0.56,0.0,0.0,3.08,0.0,0.67,0.09,0.02,0.02
124,Burundi,2019.0,3.75,0.71,0.57,0.0,0.03,3.04,0.0,0.71,0.09,0.02,0.02
125,Burundi,2020.0,3.74,0.71,0.57,0.0,0.03,3.03,0.0,0.71,0.09,0.02,0.02
126,Cameroon,2000.0,57.69,5.21,1.86,0.0,0.19,52.48,0.36,4.85,0.04,0.24,0.7
127,Cameroon,2001.0,46.01,5.16,1.86,0.0,0.19,40.85,0.39,4.76,0.06,0.26,0.6
128,Cameroon,2002.0,45.99,5.13,2.07,0.0,0.21,40.85,0.38,4.76,0.09,0.28,0.53
129,Cameroon,2003.0,46.06,5.21,2.1,0.0,0.2,40.85,0.38,4.83,0.12,0.29,0.57
130,Cameroon,2004.0,45.99,5.12,2.17,0.0,0.2,40.87,0.41,4.71,0.12,0.25,0.54
131,Cameroon,2005.0,45.88,5.02,2.11,0.0,0.18,40.87,0.4,4.62,0.16,0.24,0.48
132,Cameroon,2006.0,45.96,5.09,1.87,0.0,0.23,40.87,0.39,4.7,0.6,0.26,0.41
133,Cameroon,2007.0,47.01,6.13,2.13,0.0,0.29,40.88,0.45,5.69,1.33,0.36,0.38
134,Cameroon,2008.0,47.28,6.39,2.18,0.0,0.31,40.89,0.38,6.01,1.41,0.36,0.36
135,Cameroon,2009.0,47.96,7.03,2.51,0.0,0.38,40.92,0.42,6.61,1.55,0.37,0.36
136,Cameroon,2010.0,47.96,7.01,2.68,0.0,0.36,40.95,0.39,6.63,1.65,0.34,0.37
137,Cameroon,2011.0,40.01,6.8,2.83,0.0,0.37,33.2,0.44,6.36,1.3,0.34,0.4
138,Cameroon,2012.0,40.09,6.87,3.01,0.0,0.39,33.22,0.49,6.38,1.22,0.31,0.43
139,Cameroon,2013.0,40.76,7.53,3.2,0.0,0.41,33.23,0.54,6.98,1.49,0.32,0.45
140,Cameroon,2014.0,41.45,8.22,3.41,0.07,0.42,33.23,0.5,7.72,1.85,0.34,0.42
141,Cameroon,2015.0,41.73,8.5,3.17,0.09,0.22,33.23,0.66,7.84,2.03,0.31,0.47
142,Cameroon,2016.0,42.27,8.97,3.26,0.09,0.23,33.29,0.91,8.07,2.12,0.07,0.47
143,Cameroon,2017.0,42.36,9.08,3.19,0.1,0.24,33.29,0.99,8.08,2.25,0.05,0.51
144,Cameroon,2018.0,43.02,9.75,3.32,0.11,0.25,33.27,1.1,8.65,2.61,0.05,0.53
145,Cameroon,2019.0,42.8,9.56,3.42,0.12,0.26,33.25,1.08,8.48,2.34,0.05,0.55
146,Cameroon,2020.0,43.19,9.93,3.42,0.12,0.26,33.26,1.33,8.6,2.48,0.02,0.56
147,Cabo Verde,2000.0,-0.2,0.31,0.15,0.0,0.03,-0.51,0.0,0.31,0.09,0.13,0.04
148,Cabo Verde,2001.0,0.3,0.36,0.17,0.0,0.03,-0.06,0.0,0.36,0.11,0.15,0.04
149,Cabo Verde,2002.0,0.33,0.39,0.18,0.0,0.03,-0.06,0.0,0.39,0.14,0.17,0.04
150,Cabo Verde,2003.0,0.36,0.42,0.19,0.0,0.04,-0.06,0.0,0.42,0.15,0.15,0.04
151,Cabo Verde,2004.0,0.35,0.42,0.18,0.0,0.03,-0.06,0.0,0.42,0.16,0.18,0.04
152,Cabo Verde,2005.0,0.39,0.45,0.23,0.0,0.0,-0.06,0.0,0.45,0.17,0.23,0.04
153,Cabo Verde,2006.0,0.46,0.52,0.27,0.0,0.0,-0.06,0.0,0.52,0.2,0.24,0.05
154,Cabo Verde,2007.0,0.4,0.46,0.27,0.0,0.0,-0.06,0.0,0.46,0.15,0.28,0.04
155,Cabo Verde,2008.0,0.41,0.48,0.23,0.0,0.0,-0.06,0.0,0.48,0.21,0.33,0.04
156,Cabo Verde,2009.0,0.45,0.51,0.25,0.0,0.0,-0.06,0.0,0.51,0.21,0.24,0.04
157,Cabo Verde,2010.0,0.48,0.54,0.26,0.0,0.0,-0.06,0.0,0.54,0.24,0.26,0.04
158,Cabo Verde,2011.0,0.5,0.57,0.29,0.0,0.0,-0.06,0.0,0.57,0.24,0.34,0.04
159,Cabo Verde,2012.0,0.46,0.53,0.27,0.0,0.0,-0.06,0.0,0.53,0.21,0.33,0.04
160,Cabo Verde,2013.0,0.44,0.5,0.25,0.0,0.0,-0.06,0.0,0.5,0.21,0.32,0.04
161,Cabo Verde,2014.0,0.43,0.5,0.24,0.0,0.0,-0.06,0.0,0.5,0.22,0.38,0.04
162,Cabo Verde,2015.0,0.44,0.5,0.23,0.0,0.0,-0.06,0.0,0.5,0.22,0.37,0.04
163,Cabo Verde,2016.0,0.48,0.54,0.26,0.0,0.0,-0.06,0.0,0.54,0.24,0.37,0.04
164,Cabo Verde,2017.0,0.52,0.58,0.27,0.0,0.0,-0.06,0.0,0.58,0.27,0.4,0.05
165,Cabo Verde,2018.0,0.53,0.59,0.28,0.0,0.0,-0.06,0.0,0.59,0.26,0.41,0.05
166,Cabo Verde,2019.0,0.55,0.62,0.29,0.0,0.0,-0.06,0.0,0.62,0.28,0.42,0.05
167,Cabo Verde,2020.0,0.56,0.62,0.29,0.0,0.0,-0.06,0.0,0.62,0.28,0.42,0.05
168,Central African Republic,2000.0,14.19,0.24,0.13,0.04,0.01,13.95,0.0,0.24,0.02,0.05,0.04
169,Central African Republic,2001.0,14.2,0.25,0.13,0.04,0.01,13.95,0.0,0.25,0.03,0.05,0.04
170,Central African Republic,2002.0,14.2,0.25,0.13,0.04,0.01,13.95,0.0,0.25,0.03,0.05,0.04
171,Central African Republic,2003.0,14.18,0.23,0.12,0.04,0.01,13.95,0.0,0.23,0.03,0.05,0.04
172,Central African Republic,2004.0,14.18,0.23,0.12,0.04,0.01,13.95,0.0,0.23,0.02,0.05,0.04
173,Central African Republic,2005.0,14.17,0.22,0.11,0.04,0.01,13.95,0.0,0.22,0.02,0.04,0.04
174,Central African Republic,2006.0,14.19,0.23,0.12,0.04,0.01,13.95,0.0,0.23,0.03,0.04,0.04
175,Central African Republic,2007.0,14.19,0.24,0.12,0.04,0.01,13.95,0.0,0.24,0.02,0.04,0.04
176,Central African Republic,2008.0,14.12,0.17,0.1,0.0,0.01,13.95,0.0,0.17,0.02,0.03,0.04
177,Central African Republic,2009.0,14.12,0.17,0.1,0.0,0.01,13.95,0.0,0.17,0.02,0.03,0.03
178,Central African Republic,2010.0,14.13,0.17,0.12,0.0,0.01,13.95,0.0,0.17,0.02,0.03,0.02
179,Central African Republic,2011.0,14.15,0.19,0.13,0.0,0.01,13.96,0.0,0.19,0.03,0.03,0.03
180,Central African Republic,2012.0,14.15,0.2,0.14,0.0,0.01,13.96,0.0,0.2,0.03,0.03,0.02
181,Central African Republic,2013.0,14.08,0.12,0.09,0.0,0.01,13.96,0.0,0.12,0.0,0.03,0.02
182,Central African Republic,2014.0,14.09,0.13,0.11,0.0,0.01,13.96,0.0,0.13,0.0,0.03,0.01
183,Central African Republic,2015.0,14.14,0.18,0.16,0.0,0.01,13.96,0.0,0.18,0.0,0.05,0.01
184,Central African Republic,2016.0,14.17,0.21,0.19,0.0,0.0,13.96,0.0,0.21,0.0,0.05,0.01
185,Central African Republic,2017.0,14.18,0.22,0.2,0.0,0.01,13.96,0.0,0.22,0.0,0.05,0.01
186,Central African Republic,2018.0,14.19,0.23,0.21,0.0,0.01,13.96,0.0,0.23,0.0,0.05,0.01
187,Central African Republic,2019.0,14.21,0.24,0.22,0.0,0.01,13.97,0.0,0.24,0.0,0.05,0.01
188,Central African Republic,2020.0,14.21,0.24,0.22,0.0,0.01,13.97,0.0,0.24,0.0,0.05,0.01
189,Chad,2000.0,8.13,0.51,0.35,0.0,0.0,7.63,0.08,0.51,0.1,0.06,0.06
190,Chad,2001.0,17.2,0.52,0.36,0.0,0.0,16.68,0.08,0.52,0.1,0.06,0.06
191,Chad,2002.0,17.21,0.53,0.37,0.0,0.0,16.68,0.08,0.53,0.1,0.06,0.06
192,Chad,2003.0,17.44,0.76,0.38,0.0,0.22,16.68,0.08,0.76,0.1,0.06,0.07
193,Chad,2004.0,17.45,0.77,0.4,0.0,0.2,16.68,0.08,0.77,0.1,0.06,0.07
194,Chad,2005.0,17.47,0.8,0.41,0.0,0.21,16.68,0.08,0.8,0.11,0.06,0.07
195,Chad,2006.0,17.49,0.82,0.42,0.0,0.21,16.68,0.08,0.82,0.11,0.06,0.07
196,Chad,2007.0,17.55,0.88,0.44,0.0,0.26,16.68,0.08,0.88,0.11,0.06,0.07
197,Chad,2008.0,17.7,1.03,0.52,0.0,0.31,16.68,0.08,1.03,0.12,0.06,0.08
198,Chad,2009.0,17.79,1.11,0.62,0.0,0.27,16.68,0.08,1.11,0.15,0.06,0.08
199,Chad,2010.0,17.87,1.19,0.68,0.0,0.27,16.68,0.0,1.19,0.16,0.06,0.08
200,Chad,2011.0,26.9,1.0,0.75,0.0,0.0,25.9,0.0,1.0,0.18,0.06,0.08
201,Chad,2012.0,27.13,1.23,0.91,0.0,0.01,25.9,0.05,1.18,0.18,0.06,0.08
202,Chad,2013.0,27.38,1.49,1.15,0.0,0.01,25.9,0.07,1.42,0.18,0.06,0.08
203,Chad,2014.0,27.38,1.48,1.13,0.0,0.01,25.9,0.08,1.41,0.18,0.06,0.09
204,Chad,2015.0,27.38,1.48,1.1,0.0,0.01,25.9,0.09,1.39,0.19,0.07,0.09
205,Chad,2016.0,24.8,1.47,1.07,0.0,0.01,23.33,0.1,1.37,0.19,0.08,0.1
206,Chad,2017.0,24.82,1.49,1.05,0.0,0.02,23.33,0.14,1.35,0.19,0.08,0.1
207,Chad,2018.0,24.89,1.56,1.08,0.0,0.01,23.33,0.14,1.41,0.19,0.09,0.14
208,Chad,2019.0,24.92,1.58,1.09,0.0,0.02,23.33,0.16,1.42,0.19,0.08,0.13
209,Chad,2020.0,24.9,1.57,1.09,0.0,0.02,23.33,0.14,1.43,0.19,0.08,0.13
210,Comoros,2000.0,0.16,0.1,0.07,0.0,0.0,0.06,0.0,0.11,0.03,0.0,0.01
211,Comoros,2001.0,0.17,0.11,0.07,0.0,0.0,0.06,0.0,0.11,0.03,0.0,0.01
212,Comoros,2002.0,0.17,0.11,0.07,0.0,0.0,0.06,0.0,0.11,0.03,0.0,0.01
213,Comoros,2003.0,0.2,0.14,0.09,0.0,0.0,0.06,0.0,0.14,0.03,0.0,0.02
214,Comoros,2004.0,0.21,0.15,0.09,0.0,0.0,0.06,0.0,0.15,0.04,0.0,0.02
215,Comoros,2005.0,0.21,0.15,0.09,0.0,0.0,0.06,0.0,0.15,0.04,0.0,0.02
216,Comoros,2006.0,0.23,0.17,0.11,0.0,0.0,0.06,0.0,0.17,0.05,0.0,0.02
217,Comoros,2007.0,0.17,0.11,0.05,0.0,0.0,0.06,0.0,0.11,0.04,0.0,0.02
218,Comoros,2008.0,0.17,0.11,0.06,0.0,0.0,0.06,0.0,0.11,0.04,0.0,0.02
219,Comoros,2009.0,0.2,0.14,0.08,0.0,0.0,0.06,0.0,0.14,0.04,0.0,0.02
220,Comoros,2010.0,0.23,0.17,0.09,0.0,0.0,0.06,0.0,0.17,0.06,0.0,0.02
221,Comoros,2011.0,0.21,0.15,0.08,0.0,0.0,0.06,0.0,0.15,0.05,0.0,0.02
222,Comoros,2012.0,0.22,0.16,0.08,0.0,0.0,0.06,0.0,0.16,0.05,0.0,0.02
223,Comoros,2013.0,0.25,0.19,0.12,0.0,0.0,0.06,0.0,0.19,0.05,0.0,0.02
224,Comoros,2014.0,0.23,0.17,0.1,0.0,0.0,0.06,0.0,0.17,0.05,0.0,0.02
225,Comoros,2015.0,0.25,0.19,0.11,0.0,0.0,0.06,0.0,0.19,0.05,0.0,0.03
226,Comoros,2016.0,0.28,0.22,0.13,0.0,0.0,0.06,0.0,0.22,0.05,0.0,0.03
227,Comoros,2017.0,0.34,0.28,0.15,0.0,0.0,0.06,0.0,0.28,0.08,0.0,0.04
228,Comoros,2018.0,0.36,0.3,0.17,0.0,0.0,0.06,0.0,0.3,0.09,0.01,0.04
229,Comoros,2019.0,0.39,0.33,0.19,0.0,0.0,0.06,0.0,0.33,0.1,0.01,0.04
230,Comoros,2020.0,0.39,0.33,0.19,0.0,0.0,0.06,0.0,0.33,0.1,0.01,0.04
231,Cote d'Ivoire,2000.0,66.52,6.49,1.29,1.36,0.75,60.03,0.0,6.49,2.37,0.66,0.57
232,Cote d'Ivoire,2001.0,32.45,6.49,1.26,1.27,0.73,25.95,0.0,6.49,2.47,0.62,0.52
233,Cote d'Ivoire,2002.0,32.79,6.84,1.41,1.06,0.68,25.95,0.0,6.84,2.63,0.6,0.59
234,Cote d'Ivoire,2003.0,31.26,5.31,1.04,0.88,0.52,25.96,0.0,5.31,2.19,0.57,0.53
235,Cote d'Ivoire,2004.0,31.43,5.47,1.14,0.83,0.54,25.96,0.0,5.47,2.33,0.57,0.58
236,Cote d'Ivoire,2005.0,31.83,5.88,1.23,0.49,0.38,25.96,0.0,5.88,3.13,0.64,0.58
237,Cote d'Ivoire,2006.0,31.65,5.7,1.28,0.86,0.53,25.95,0.0,5.7,2.34,0.44,0.61
238,Cote d'Ivoire,2007.0,31.61,5.66,1.29,0.89,0.41,25.96,0.0,5.66,2.45,0.49,0.5
239,Cote d'Ivoire,2008.0,32.43,6.47,1.56,0.68,0.56,25.96,0.0,6.47,2.84,0.38,0.72
240,Cote d'Ivoire,2009.0,31.99,6.03,1.55,0.19,1.06,25.96,0.0,6.03,2.52,0.22,0.58
241,Cote d'Ivoire,2010.0,32.32,6.35,1.48,0.2,0.97,25.97,0.0,6.35,2.91,0.23,0.64
242,Cote d'Ivoire,2011.0,32.09,6.12,1.58,0.2,0.91,25.97,0.0,6.12,2.8,0.22,0.45
243,Cote d'Ivoire,2012.0,34.01,8.04,2.36,0.28,1.0,25.97,0.0,8.04,3.64,0.24,0.58
244,Cote d'Ivoire,2013.0,34.67,8.69,2.56,0.3,1.29,25.98,0.0,8.69,3.61,0.23,0.8
245,Cote d'Ivoire,2014.0,35.18,9.2,2.7,0.3,1.33,25.99,0.0,9.2,3.93,0.32,0.78
246,Cote d'Ivoire,2015.0,35.79,9.81,3.17,0.35,1.44,25.99,0.0,9.81,3.96,0.63,0.76
247,Cote d'Ivoire,2016.0,35.59,9.59,3.84,0.34,0.8,25.99,0.0,9.59,3.55,0.78,0.88
248,Cote d'Ivoire,2017.0,36.56,10.56,3.57,0.36,1.56,25.99,0.0,10.56,3.91,0.75,1.03
249,Cote d'Ivoire,2018.0,36.19,10.19,3.97,0.21,1.26,26.0,0.0,10.19,3.57,0.74,1.09
250,Cote d'Ivoire,2019.0,36.84,10.84,4.24,0.22,1.32,26.0,0.0,10.84,3.83,0.82,1.14
251,Cote d'Ivoire,2020.0,36.89,10.89,4.16,0.23,1.27,25.99,0.0,10.9,4.05,0.47,1.09
252,Democratic Republic of Congo,2000.0,369.22,1.63,0.79,0.0,0.04,367.59,0.07,1.57,0.0,0.24,0.02
253,Democratic Republic of Congo,2001.0,369.15,1.57,0.65,0.0,0.06,367.58,0.08,1.48,0.01,0.25,0.0
254,Democratic Republic of Congo,2002.0,369.23,1.65,0.69,0.0,0.07,367.58,0.11,1.54,0.01,0.33,0.0
255,Democratic Republic of Congo,2003.0,369.58,2.0,0.82,0.0,0.1,367.58,0.13,1.87,0.01,0.36,0.01
256,Democratic Republic of Congo,2004.0,369.52,1.94,0.89,0.0,0.11,367.58,0.16,1.78,0.01,0.41,0.0
257,Democratic Republic of Congo,2005.0,369.79,2.21,1.11,0.0,0.13,367.58,0.21,2.0,0.01,0.51,0.03
258,Democratic Republic of Congo,2006.0,369.86,2.28,1.2,0.0,0.14,367.58,0.2,2.08,0.03,0.65,0.03
259,Democratic Republic of Congo,2007.0,370.05,2.47,1.33,0.0,0.14,367.58,0.21,2.27,0.05,0.54,0.02
260,Democratic Republic of Congo,2008.0,370.13,2.55,1.52,0.0,0.14,367.58,0.16,2.4,0.06,0.05,0.0
261,Democratic Republic of Congo,2009.0,370.08,2.5,1.52,0.0,0.13,367.58,0.18,2.33,0.05,0.05,0.04
262,Democratic Republic of Congo,2010.0,370.23,2.65,1.65,0.0,0.14,367.58,0.19,2.47,0.05,0.47,0.03
263,Democratic Republic of Congo,2011.0,604.27,3.02,2.13,0.0,0.14,601.26,0.18,2.84,0.05,0.46,0.03
264,Democratic Republic of Congo,2012.0,604.08,2.83,2.11,0.0,0.13,601.26,0.16,2.67,0.0,0.44,0.03
265,Democratic Republic of Congo,2013.0,605.21,3.96,3.31,0.0,0.13,601.25,0.17,3.79,0.0,0.48,0.03
266,Democratic Republic of Congo,2014.0,606.39,5.14,4.51,0.0,0.13,601.25,0.13,5.01,0.01,0.72,0.01
267,Democratic Republic of Congo,2015.0,604.49,3.23,2.67,0.0,0.05,601.25,0.15,3.08,0.01,0.39,0.01
268,Democratic Republic of Congo,2016.0,603.68,2.42,1.9,0.0,0.07,601.26,0.1,2.32,0.01,0.37,0.0
269,Democratic Republic of Congo,2017.0,604.1,2.85,2.14,0.0,0.05,601.26,0.35,2.5,0.01,0.37,0.0
270,Democratic Republic of Congo,2018.0,604.07,2.81,2.07,0.0,0.04,601.26,0.41,2.41,0.01,0.43,0.0
271,Democratic Republic of Congo,2019.0,604.28,3.03,2.19,0.0,0.02,601.24,0.54,2.5,0.0,0.38,0.0
272,Democratic Republic of Congo,2020.0,604.27,3.03,2.32,0.0,0.0,601.25,0.42,2.61,0.0,0.35,0.0
273,Djibouti,2000.0,0.37,0.37,0.07,0.0,0.04,0.0,0.08,0.37,0.14,0.47,0.12
274,Djibouti,2001.0,0.38,0.38,0.07,0.0,0.04,0.0,0.08,0.38,0.14,0.46,0.12
275,Djibouti,2002.0,0.4,0.4,0.06,0.0,0.04,0.0,0.08,0.4,0.17,0.43,0.12
276,Djibouti,2003.0,0.41,0.41,0.06,0.0,0.04,0.0,0.08,0.41,0.19,0.44,0.12
277,Djibouti,2004.0,0.4,0.4,0.06,0.0,0.04,0.0,0.08,0.4,0.17,0.43,0.12
278,Djibouti,2005.0,0.43,0.43,0.07,0.0,0.04,0.0,0.08,0.43,0.21,0.38,0.11
279,Djibouti,2006.0,0.43,0.43,0.07,0.0,0.04,0.0,0.08,0.43,0.21,0.33,0.11
280,Djibouti,2007.0,0.47,0.47,0.08,0.0,0.04,0.0,0.08,0.47,0.24,0.32,0.11
281,Djibouti,2008.0,0.47,0.47,0.08,0.0,0.04,0.0,0.08,0.47,0.26,0.3,0.1
282,Djibouti,2009.0,0.47,0.47,0.07,0.0,0.04,0.0,0.0,0.47,0.25,0.33,0.11
283,Djibouti,2010.0,0.52,0.52,0.09,0.0,0.04,0.0,0.0,0.52,0.29,0.33,0.11
284,Djibouti,2011.0,0.47,0.47,0.08,0.0,0.04,0.0,0.0,0.47,0.26,0.32,0.11
285,Djibouti,2012.0,0.49,0.49,0.07,0.0,0.04,0.0,0.0,0.49,0.25,0.38,0.14
286,Djibouti,2013.0,0.56,0.56,0.1,0.0,0.03,0.0,0.06,0.5,0.29,0.35,0.08
287,Djibouti,2014.0,0.4,0.4,0.12,0.03,0.03,0.0,0.07,0.34,0.08,0.35,0.08
288,Djibouti,2015.0,0.45,0.45,0.11,0.03,0.03,0.0,0.05,0.39,0.14,0.35,0.08
289,Djibouti,2016.0,0.4,0.4,0.14,0.05,0.02,0.0,0.05,0.35,0.07,0.32,0.07
290,Djibouti,2017.0,0.4,0.4,0.14,0.06,0.02,0.0,0.06,0.34,0.04,0.32,0.07
291,Djibouti,2018.0,0.41,0.41,0.14,0.05,0.02,0.0,0.09,0.33,0.05,0.32,0.07
292,Djibouti,2019.0,0.43,0.43,0.14,0.05,0.02,0.0,0.1,0.33,0.05,0.32,0.08
293,Djibouti,2020.0,0.43,0.43,0.14,0.05,0.02,0.0,0.09,0.33,0.05,0.32,0.08
294,Egypt,2000.0,114.21,114.61,29.25,0.23,25.29,-0.41,11.17,103.44,34.44,10.56,10.89
295,Egypt,2001.0,126.53,126.7,28.16,0.2,32.81,-0.17,11.75,114.95,39.41,8.84,11.14
296,Egypt,2002.0,129.27,129.44,29.02,0.19,30.85,-0.17,12.72,116.72,41.87,8.51,11.55
297,Egypt,2003.0,132.85,133.02,30.64,0.14,28.65,-0.17,11.89,121.13,46.89,11.06,11.49
298,Egypt,2004.0,144.33,144.5,31.34,2.29,23.72,-0.17,12.69,131.81,59.08,8.12,12.1
299,Egypt,2005.0,162.05,162.22,30.79,5.46,33.1,-0.17,14.15,148.07,63.6,6.94,12.07
300,Egypt,2006.0,170.57,170.75,33.46,5.71,34.28,-0.17,15.57,155.18,66.31,5.98,12.38
301,Egypt,2007.0,183.22,183.4,37.03,6.2,39.23,-0.17,17.1,166.3,67.59,6.32,13.55
302,Egypt,2008.0,189.76,189.94,39.05,6.46,36.37,-0.17,16.19,173.75,74.76,4.39,14.22
303,Egypt,2009.0,197.49,197.66,41.78,7.05,31.53,-0.17,19.97,177.69,78.81,4.08,15.27
304,Egypt,2010.0,200.14,200.31,44.84,7.14,31.77,-0.17,20.51,179.8,77.87,4.04,15.31
305,Egypt,2011.0,206.68,205.77,46.77,7.29,31.79,0.92,20.1,185.67,81.43,3.75,15.52
306,Egypt,2012.0,215.92,215.0,50.9,7.14,28.19,0.92,20.97,194.03,87.69,3.79,15.3
307,Egypt,2013.0,214.77,213.86,51.4,2.82,31.59,0.92,20.21,193.65,88.14,2.63,15.42
308,Egypt,2014.0,220.04,219.12,53.6,2.95,28.82,0.92,20.76,198.36,92.18,2.69,15.81
309,Egypt,2015.0,227.2,226.28,54.98,2.89,28.61,0.92,21.65,204.63,96.79,2.23,16.28
310,Egypt,2016.0,235.61,235.43,57.4,3.0,31.23,0.18,22.82,212.61,99.18,1.56,16.69
311,Egypt,2017.0,244.72,244.54,55.71,2.86,37.06,0.18,21.77,222.77,106.14,2.33,16.78
312,Egypt,2018.0,238.17,237.98,56.16,2.86,39.96,0.18,21.0,216.98,97.15,3.75,16.77
313,Egypt,2019.0,218.09,217.91,51.96,2.57,32.0,0.18,19.67,198.24,91.18,3.38,16.31
314,Egypt,2020.0,210.94,210.75,51.57,2.6,29.78,0.18,18.13,192.62,88.41,2.72,16.03
315,Equatorial Guinea,2000.0,5.81,1.98,0.18,0.0,0.1,3.83,0.0,1.98,0.04,0.04,0.05
316,Equatorial Guinea,2001.0,6.72,2.89,0.21,0.0,0.09,3.83,0.0,2.89,0.06,0.04,0.05
317,Equatorial Guinea,2002.0,6.37,2.54,0.29,0.0,0.27,3.83,0.0,2.54,0.06,0.04,0.05
318,Equatorial Guinea,2003.0,6.63,2.8,0.34,0.0,0.3,3.83,0.0,2.8,0.07,0.09,0.06
319,Equatorial Guinea,2004.0,9.35,5.52,0.35,0.0,2.25,3.83,0.0,5.52,0.46,0.1,0.06
320,Equatorial Guinea,2005.0,9.44,5.61,0.39,0.0,2.27,3.83,0.0,5.61,0.45,0.09,0.08
321,Equatorial Guinea,2006.0,9.42,5.58,0.43,0.0,2.21,3.83,0.0,5.58,0.5,0.09,0.1
322,Equatorial Guinea,2007.0,10.16,6.33,0.46,0.0,2.64,3.83,0.0,6.33,0.7,0.09,0.11
323,Equatorial Guinea,2008.0,9.65,5.82,0.47,0.0,1.94,3.83,0.0,5.82,1.07,0.09,0.1
324,Equatorial Guinea,2009.0,9.9,6.07,0.49,0.0,2.46,3.83,0.0,6.07,1.08,0.09,0.12
325,Equatorial Guinea,2010.0,9.88,6.05,0.51,0.0,2.29,3.83,0.0,6.05,1.1,0.09,0.12
326,Equatorial Guinea,2011.0,9.92,6.09,0.53,0.0,2.6,3.83,0.0,6.09,1.23,0.1,0.13
327,Equatorial Guinea,2012.0,9.7,5.87,0.55,0.0,2.55,3.83,0.0,5.87,1.46,0.11,0.12
328,Equatorial Guinea,2013.0,9.82,5.99,0.58,0.0,2.58,3.83,0.0,5.99,1.5,0.11,0.13
329,Equatorial Guinea,2014.0,9.78,5.95,0.59,0.0,2.53,3.83,0.0,5.95,1.51,0.11,0.13
330,Equatorial Guinea,2015.0,9.33,5.49,0.61,0.0,2.17,3.83,0.0,5.49,1.52,0.12,0.13
331,Equatorial Guinea,2016.0,9.66,5.83,0.63,0.0,2.69,3.83,0.0,5.83,1.55,0.12,0.13
332,Equatorial Guinea,2017.0,9.2,5.37,0.51,0.0,2.63,3.83,0.0,5.37,1.56,0.13,0.12
333,Equatorial Guinea,2018.0,8.9,5.07,0.48,0.0,2.5,3.83,0.0,5.07,1.43,0.12,0.11
334,Equatorial Guinea,2019.0,8.71,4.88,0.52,0.0,2.4,3.83,0.0,4.88,1.3,0.12,0.1
335,Equatorial Guinea,2020.0,8.18,4.35,0.43,0.0,2.04,3.83,0.0,4.35,1.23,0.08,0.1
336,Eritrea,2000.0,1.07,0.63,0.2,0.0,0.04,0.44,0.02,0.62,0.28,0.03,0.09
337,Eritrea,2001.0,1.15,0.69,0.25,0.0,0.04,0.46,0.02,0.67,0.29,0.06,0.09
338,Eritrea,2002.0,1.14,0.68,0.27,0.0,0.04,0.46,0.02,0.66,0.26,0.03,0.09
339,Eritrea,2003.0,1.15,0.68,0.27,0.0,0.04,0.46,0.02,0.67,0.27,0.04,0.08
340,Eritrea,2004.0,1.16,0.7,0.26,0.0,0.04,0.46,0.02,0.69,0.31,0.04,0.09
341,Eritrea,2005.0,1.05,0.59,0.18,0.0,0.03,0.46,0.02,0.57,0.27,0.03,0.08
342,Eritrea,2006.0,0.99,0.53,0.16,0.0,0.03,0.46,0.02,0.51,0.25,0.05,0.08
343,Eritrea,2007.0,0.98,0.52,0.14,0.0,0.02,0.46,0.02,0.5,0.26,0.08,0.08
344,Eritrea,2008.0,0.91,0.45,0.12,0.0,0.02,0.46,0.02,0.43,0.23,0.04,0.06
345,Eritrea,2009.0,0.93,0.47,0.12,0.0,0.03,0.46,0.02,0.45,0.25,0.05,0.06
346,Eritrea,2010.0,0.96,0.5,0.14,0.0,0.02,0.46,0.02,0.49,0.27,0.04,0.06
347,Eritrea,2011.0,0.98,0.6,0.24,0.0,0.02,0.38,0.06,0.53,0.22,0.06,0.06
348,Eritrea,2012.0,1.01,0.63,0.21,0.0,0.02,0.38,0.09,0.54,0.25,0.05,0.06
349,Eritrea,2013.0,0.97,0.59,0.19,0.0,0.02,0.38,0.09,0.5,0.23,0.05,0.06
350,Eritrea,2014.0,0.98,0.59,0.19,0.0,0.02,0.38,0.09,0.5,0.24,0.07,0.05
351,Eritrea,2015.0,0.96,0.57,0.19,0.0,0.02,0.38,0.08,0.49,0.23,0.03,0.05
352,Eritrea,2016.0,1.03,0.58,0.2,0.0,0.02,0.45,0.08,0.5,0.24,0.04,0.05
353,Eritrea,2017.0,1.03,0.58,0.19,0.0,0.02,0.45,0.08,0.5,0.23,0.06,0.05
354,Eritrea,2018.0,1.13,0.68,0.22,0.0,0.02,0.45,0.11,0.57,0.28,0.11,0.05
355,Eritrea,2019.0,1.15,0.7,0.22,0.0,0.02,0.45,0.11,0.59,0.29,0.1,0.05
356,Eritrea,2020.0,1.16,0.71,0.22,0.0,0.02,0.45,0.11,0.6,0.31,0.06,0.05
357,Eswatini,2000.0,0.96,1.09,0.51,0.04,0.33,-0.13,0.0,1.09,0.16,0.0,0.05
358,Eswatini,2001.0,0.98,1.11,0.44,0.03,0.39,-0.13,0.0,1.11,0.17,0.0,0.08
359,Eswatini,2002.0,0.95,1.07,0.45,0.03,0.32,-0.13,0.0,1.07,0.22,0.0,0.06
360,Eswatini,2003.0,0.87,1.0,0.47,0.03,0.24,-0.13,0.0,1.0,0.21,0.0,0.05
361,Eswatini,2004.0,0.86,0.99,0.47,0.03,0.23,-0.13,0.0,0.99,0.21,0.0,0.05
362,Eswatini,2005.0,0.85,0.98,0.5,0.03,0.22,-0.13,0.0,0.98,0.2,0.0,0.04
363,Eswatini,2006.0,0.86,0.99,0.5,0.03,0.22,-0.13,0.0,0.99,0.21,0.0,0.04
364,Eswatini,2007.0,0.9,1.02,0.52,0.03,0.22,-0.13,0.0,1.02,0.22,0.0,0.04
365,Eswatini,2008.0,0.88,1.01,0.49,0.03,0.23,-0.13,0.0,1.01,0.22,0.0,0.04
366,Eswatini,2009.0,0.91,1.04,0.56,0.03,0.19,-0.13,0.0,1.04,0.22,0.0,0.04
367,Eswatini,2010.0,0.72,0.85,0.59,0.04,0.12,-0.13,0.0,0.85,0.08,0.0,0.03
368,Eswatini,2011.0,0.68,0.81,0.52,0.08,0.09,-0.13,0.0,0.81,0.04,0.0,0.08
369,Eswatini,2012.0,0.67,0.81,0.52,0.03,0.13,-0.13,0.0,0.81,0.05,0.0,0.08
370,Eswatini,2013.0,0.82,0.96,0.67,0.03,0.11,-0.13,0.0,0.96,0.05,0.0,0.09
371,Eswatini,2014.0,0.84,0.98,0.67,0.03,0.13,-0.13,0.0,0.98,0.05,0.0,0.1
372,Eswatini,2015.0,0.88,1.02,0.61,0.03,0.22,-0.13,0.0,1.02,0.04,0.0,0.11
373,Eswatini,2016.0,0.99,1.12,0.55,0.03,0.31,-0.13,0.0,1.12,0.06,0.0,0.17
374,Eswatini,2017.0,0.98,1.11,0.63,0.02,0.28,-0.13,0.0,1.11,0.04,0.01,0.13
375,Eswatini,2018.0,0.98,1.11,0.63,0.02,0.28,-0.13,0.0,1.11,0.04,0.01,0.13
376,Eswatini,2019.0,1.04,1.17,0.72,0.06,0.26,-0.13,0.0,1.17,0.08,0.01,0.05
377,Eswatini,2020.0,1.02,1.15,0.71,0.06,0.25,-0.13,0.0,1.15,0.08,0.0,0.05
378,Ethiopia,2000.0,28.74,3.56,1.59,0.24,0.79,25.18,0.36,3.2,0.02,0.21,0.56
379,Ethiopia,2001.0,34.16,4.4,1.99,0.3,0.96,29.76,0.36,4.04,0.02,0.25,0.78
380,Ethiopia,2002.0,34.38,4.57,2.08,0.31,1.0,29.81,0.36,4.21,0.02,0.24,0.8
381,Ethiopia,2003.0,34.81,5.02,2.17,0.33,0.95,29.79,0.45,4.57,0.01,0.23,1.11
382,Ethiopia,2004.0,35.14,5.33,2.34,0.38,1.11,29.81,0.52,4.81,0.02,0.34,0.96
383,Ethiopia,2005.0,34.9,5.05,2.12,0.35,1.15,29.85,0.62,4.43,0.01,0.46,0.8
384,Ethiopia,2006.0,35.28,5.4,2.26,0.39,1.23,29.87,0.68,4.73,0.01,0.56,0.85
385,Ethiopia,2007.0,35.83,5.96,2.45,0.43,1.34,29.87,0.63,5.33,0.17,0.69,0.95
386,Ethiopia,2008.0,36.38,6.49,2.54,0.44,1.38,29.89,0.71,5.78,0.45,0.68,0.97
387,Ethiopia,2009.0,36.47,6.53,2.65,0.46,1.36,29.94,0.65,5.88,0.49,0.78,0.93
388,Ethiopia,2010.0,36.42,6.47,2.71,0.47,1.73,29.94,0.63,5.84,0.06,1.01,0.88
389,Ethiopia,2011.0,37.98,7.55,2.86,0.51,2.47,30.43,0.8,6.76,0.05,1.01,0.87
390,Ethiopia,2012.0,38.99,8.56,3.25,0.57,2.38,30.43,1.36,7.2,0.02,1.18,0.98
391,Ethiopia,2013.0,40.6,10.19,3.8,0.67,2.99,30.41,1.75,8.44,0.01,1.3,0.97
392,Ethiopia,2014.0,42.85,12.49,4.24,0.74,3.95,30.36,2.1,10.39,0.01,1.45,1.45
393,Ethiopia,2015.0,43.4,13.05,4.71,0.8,3.61,30.36,2.91,10.14,0.0,1.52,1.01
394,Ethiopia,2016.0,45.84,15.25,5.73,0.99,4.48,30.6,3.29,11.95,0.0,1.88,0.75
395,Ethiopia,2017.0,46.48,15.88,6.43,1.09,4.35,30.59,3.53,12.36,0.0,2.17,0.48
396,Ethiopia,2018.0,47.57,17.03,6.84,1.15,4.89,30.54,3.68,13.35,0.0,2.33,0.47
397,Ethiopia,2019.0,48.16,17.71,7.19,1.17,5.14,30.45,3.72,13.99,0.0,2.02,0.48
398,Ethiopia,2020.0,48.57,18.1,7.4,1.15,5.3,30.48,3.76,14.34,0.0,1.4,0.49
399,Gabon,2000.0,9.56,6.08,0.32,0.02,0.52,3.48,0.08,6.0,0.45,0.84,0.15
400,Gabon,2001.0,9.19,6.23,0.36,0.02,0.53,2.97,0.1,6.13,0.42,0.84,0.15
401,Gabon,2002.0,8.93,5.96,0.39,0.02,0.34,2.98,0.1,5.85,0.45,0.88,0.17
402,Gabon,2003.0,9.42,6.44,0.35,0.02,0.36,2.99,0.1,6.33,0.5,0.85,0.16
403,Gabon,2004.0,9.09,6.09,0.37,0.02,0.34,3.0,0.1,5.99,0.53,0.84,0.16
404,Gabon,2005.0,9.06,6.06,0.37,0.02,0.54,3.0,0.1,5.96,0.63,0.82,0.17
405,Gabon,2006.0,8.44,5.44,0.37,0.02,0.63,3.0,0.1,5.34,0.61,0.76,0.17
406,Gabon,2007.0,7.94,4.94,0.43,0.03,0.52,3.0,0.09,4.85,0.77,0.78,0.19
407,Gabon,2008.0,8.27,5.27,0.43,0.03,0.68,3.0,0.09,5.18,0.68,0.77,0.19
408,Gabon,2009.0,8.21,5.21,0.41,0.03,0.77,3.0,0.1,5.11,0.68,0.77,0.2
409,Gabon,2010.0,8.76,5.76,0.64,0.04,0.92,3.0,0.09,5.68,0.79,0.88,0.27
410,Gabon,2011.0,12.03,5.78,0.73,0.04,1.03,6.25,0.09,5.69,0.89,0.85,0.29
411,Gabon,2012.0,11.85,5.6,0.75,0.05,1.11,6.25,0.08,5.53,0.91,0.75,0.31
412,Gabon,2013.0,12.04,5.79,0.85,0.05,1.22,6.25,0.07,5.72,0.83,0.75,0.33
413,Gabon,2014.0,12.22,5.96,0.83,0.05,1.2,6.26,0.07,5.89,0.85,0.75,0.31
414,Gabon,2015.0,12.37,6.12,0.81,0.05,1.17,6.26,0.08,6.04,0.91,0.79,0.31
415,Gabon,2016.0,12.64,6.38,0.83,0.05,1.26,6.26,0.13,6.25,1.01,0.79,0.32
416,Gabon,2017.0,11.6,5.34,0.2,0.01,0.49,6.26,0.14,5.2,1.6,0.62,0.21
417,Gabon,2018.0,11.39,5.12,0.19,0.01,0.5,6.27,0.19,4.93,1.55,0.55,0.21
418,Gabon,2019.0,11.53,5.27,0.2,0.01,0.51,6.25,0.21,5.07,1.52,0.65,0.22
419,Gabon,2020.0,11.62,5.35,0.19,0.01,0.49,6.27,0.2,5.15,1.66,0.59,0.18
420,Gambia,2000.0,0.77,0.24,0.09,0.07,0.0,0.53,0.0,0.24,0.08,0.03,0.0
421,Gambia,2001.0,0.84,0.31,0.11,0.07,0.0,0.53,0.0,0.31,0.12,0.03,0.0
422,Gambia,2002.0,0.82,0.3,0.12,0.06,0.0,0.53,0.0,0.3,0.12,0.03,0.0
423,Gambia,2003.0,0.82,0.3,0.12,0.04,0.0,0.53,0.0,0.3,0.13,0.03,0.0
424,Gambia,2004.0,0.84,0.31,0.12,0.05,0.0,0.53,0.0,0.31,0.15,0.03,0.0
425,Gambia,2005.0,0.86,0.33,0.12,0.04,0.0,0.53,0.0,0.33,0.16,0.03,0.0
426,Gambia,2006.0,0.88,0.36,0.12,0.05,0.01,0.53,0.0,0.36,0.18,0.03,0.0
427,Gambia,2007.0,0.94,0.41,0.16,0.06,0.01,0.53,0.0,0.41,0.18,0.05,0.0
428,Gambia,2008.0,0.96,0.43,0.16,0.06,0.01,0.53,0.0,0.43,0.2,0.05,0.0
429,Gambia,2009.0,1.01,0.48,0.22,0.06,0.01,0.53,0.0,0.48,0.19,0.06,0.0
430,Gambia,2010.0,0.96,0.43,0.07,0.08,0.08,0.53,0.0,0.43,0.21,0.05,0.0
431,Gambia,2011.0,0.97,0.45,0.07,0.07,0.08,0.53,0.0,0.45,0.22,0.07,0.0
432,Gambia,2012.0,0.98,0.45,0.07,0.06,0.1,0.53,0.0,0.45,0.22,0.05,0.0
433,Gambia,2013.0,0.96,0.43,0.07,0.05,0.08,0.53,0.0,0.43,0.22,0.07,0.0
434,Gambia,2014.0,1.03,0.51,0.08,0.08,0.13,0.53,0.0,0.51,0.22,0.04,0.0
435,Gambia,2015.0,1.11,0.59,0.08,0.12,0.14,0.53,0.0,0.59,0.24,0.07,0.0
436,Gambia,2016.0,1.12,0.59,0.08,0.12,0.15,0.53,0.0,0.59,0.25,0.07,0.0
437,Gambia,2017.0,1.13,0.6,0.08,0.11,0.15,0.53,0.0,0.6,0.26,0.07,0.0
438,Gambia,2018.0,1.13,0.6,0.08,0.12,0.14,0.53,0.0,0.6,0.26,0.06,0.0
439,Gambia,2019.0,1.13,0.61,0.08,0.13,0.14,0.53,0.0,0.61,0.26,0.06,0.0
440,Gambia,2020.0,1.14,0.61,0.08,0.13,0.14,0.53,0.0,0.61,0.26,0.06,0.0
441,Ghana,2000.0,14.81,4.95,2.93,0.53,0.68,9.86,0.0,4.95,0.54,0.49,0.27
442,Ghana,2001.0,51.28,5.44,2.93,0.51,0.65,45.84,0.0,5.44,0.93,0.37,0.42
443,Ghana,2002.0,52.5,6.67,3.39,0.17,0.83,45.84,0.0,6.67,1.95,0.42,0.32
444,Ghana,2003.0,52.22,6.38,3.15,0.18,0.82,45.83,0.0,6.38,1.73,0.41,0.5
445,Ghana,2004.0,51.76,5.92,3.65,0.18,0.9,45.83,0.0,5.92,0.61,0.42,0.53
446,Ghana,2005.0,52.16,6.33,3.6,0.2,0.94,45.83,0.0,6.33,1.1,0.51,0.47
447,Ghana,2006.0,53.63,7.8,3.65,0.21,1.02,45.83,0.0,7.8,2.4,0.51,0.44
448,Ghana,2007.0,54.25,8.42,3.84,0.24,1.04,45.83,0.0,8.42,2.6,0.55,0.64
449,Ghana,2008.0,53.8,7.97,4.16,0.29,1.13,45.83,0.0,7.97,1.89,0.57,0.41
450,Ghana,2009.0,55.15,9.32,5.05,0.32,1.31,45.82,0.0,9.32,1.73,0.64,0.84
451,Ghana,2010.0,56.21,10.38,5.15,0.25,1.26,45.82,0.0,10.38,3.07,0.66,0.61
452,Ghana,2011.0,40.19,10.8,5.73,0.31,1.43,29.39,0.01,10.79,2.52,0.69,0.74
453,Ghana,2012.0,42.26,12.88,6.84,0.38,1.64,29.39,0.02,12.86,3.09,0.7,0.83
454,Ghana,2013.0,43.28,13.9,7.24,0.36,1.7,29.38,0.02,13.88,3.68,0.59,0.73
455,Ghana,2014.0,42.75,13.37,7.28,0.23,1.65,29.38,0.02,13.35,3.31,0.4,0.64
456,Ghana,2015.0,43.7,14.32,7.9,0.24,1.79,29.38,0.03,14.29,3.37,0.38,0.73
457,Ghana,2016.0,-10.41,14.55,7.3,0.23,1.68,-24.95,0.03,14.52,4.26,0.42,0.74
458,Ghana,2017.0,-9.82,15.14,7.09,0.41,1.63,-24.95,0.02,15.11,4.63,0.81,0.72
459,Ghana,2018.0,-8.17,16.77,8.06,0.39,1.94,-24.95,0.02,16.75,5.28,0.66,0.75
460,Ghana,2019.0,-6.91,18.04,8.51,0.39,2.04,-24.95,0.03,18.01,5.95,0.79,0.78
461,Ghana,2020.0,-5.55,19.4,9.16,0.47,2.09,-24.95,0.03,19.37,6.46,0.46,0.86
462,Guinea,2000.0,11.98,1.49,0.46,0.0,0.6,10.48,0.0,1.49,0.35,0.07,0.07
463,Guinea,2001.0,12.41,1.57,0.5,0.0,0.64,10.84,0.0,1.57,0.36,0.07,0.07
464,Guinea,2002.0,12.46,1.63,0.54,0.0,0.67,10.83,0.0,1.63,0.36,0.07,0.07
465,Guinea,2003.0,12.53,1.71,0.57,0.0,0.71,10.82,0.0,1.71,0.36,0.07,0.07
466,Guinea,2004.0,12.59,1.77,0.61,0.0,0.74,10.82,0.0,1.77,0.36,0.07,0.06
467,Guinea,2005.0,12.65,1.84,0.64,0.0,0.9,10.82,0.0,1.84,0.24,0.07,0.06
468,Guinea,2006.0,12.72,1.9,0.67,0.0,0.94,10.82,0.0,1.9,0.24,0.07,0.06
469,Guinea,2007.0,12.79,1.98,0.7,0.0,1.0,10.82,0.0,1.98,0.22,0.08,0.06
470,Guinea,2008.0,12.83,2.01,0.71,0.0,1.01,10.82,0.0,2.01,0.24,0.08,0.05
471,Guinea,2009.0,12.94,2.12,0.77,0.0,1.09,10.82,0.0,2.12,0.24,0.08,0.03
472,Guinea,2010.0,13.33,2.5,0.94,0.0,1.39,10.82,0.0,2.5,0.13,0.08,0.04
473,Guinea,2011.0,13.49,2.62,1.0,0.0,1.45,10.87,0.0,2.62,0.12,0.08,0.05
474,Guinea,2012.0,13.33,2.47,1.06,0.0,1.18,10.87,0.0,2.47,0.19,0.08,0.04
475,Guinea,2013.0,13.03,2.16,1.07,0.0,0.91,10.87,0.0,2.16,0.14,0.08,0.04
476,Guinea,2014.0,13.09,2.23,1.19,0.0,0.78,10.87,0.0,2.23,0.23,0.08,0.04
477,Guinea,2015.0,13.39,2.52,1.36,0.0,0.95,10.87,0.0,2.52,0.18,0.08,0.03
478,Guinea,2016.0,14.74,2.81,1.42,0.0,0.95,11.94,0.0,2.81,0.38,0.08,0.06
479,Guinea,2017.0,15.26,3.32,1.71,0.0,1.13,11.94,0.0,3.32,0.41,0.1,0.08
480,Guinea,2018.0,15.67,3.74,1.45,0.0,1.68,11.94,0.0,3.74,0.54,0.1,0.07
481,Guinea,2019.0,16.47,4.52,2.06,0.0,1.83,11.95,0.0,4.52,0.55,0.13,0.08
482,Guinea,2020.0,16.49,4.54,2.06,0.0,1.84,11.95,0.0,4.54,0.55,0.13,0.08
483,Guinea-Bissau,2000.0,1.63,0.15,0.02,0.09,0.0,1.49,0.0,0.15,0.02,0.03,0.02
484,Guinea-Bissau,2001.0,1.64,0.15,0.02,0.09,0.0,1.49,0.0,0.15,0.02,0.03,0.02
485,Guinea-Bissau,2002.0,1.64,0.15,0.03,0.09,0.0,1.49,0.0,0.15,0.02,0.03,0.02
486,Guinea-Bissau,2003.0,1.68,0.2,0.07,0.09,0.0,1.49,0.0,0.2,0.02,0.03,0.02
487,Guinea-Bissau,2004.0,1.69,0.21,0.08,0.09,0.0,1.49,0.0,0.21,0.02,0.03,0.02
488,Guinea-Bissau,2005.0,1.7,0.21,0.08,0.09,0.0,1.49,0.0,0.21,0.02,0.03,0.02
489,Guinea-Bissau,2006.0,1.7,0.22,0.09,0.09,0.0,1.49,0.0,0.22,0.02,0.03,0.02
490,Guinea-Bissau,2007.0,1.72,0.23,0.09,0.09,0.0,1.49,0.0,0.23,0.03,0.04,0.02
491,Guinea-Bissau,2008.0,1.71,0.22,0.08,0.09,0.0,1.49,0.0,0.22,0.03,0.03,0.02
492,Guinea-Bissau,2009.0,1.72,0.23,0.1,0.09,0.0,1.49,0.0,0.23,0.02,0.03,0.02
493,Guinea-Bissau,2010.0,1.73,0.24,0.1,0.09,0.0,1.49,0.0,0.24,0.02,0.03,0.02
494,Guinea-Bissau,2011.0,1.73,0.24,0.1,0.09,0.0,1.49,0.0,0.24,0.03,0.04,0.02
495,Guinea-Bissau,2012.0,1.73,0.25,0.1,0.09,0.0,1.49,0.0,0.25,0.02,0.04,0.03
496,Guinea-Bissau,2013.0,1.73,0.25,0.11,0.09,0.0,1.49,0.0,0.25,0.02,0.04,0.03
497,Guinea-Bissau,2014.0,1.75,0.26,0.11,0.1,0.0,1.49,0.0,0.26,0.02,0.04,0.03
498,Guinea-Bissau,2015.0,1.77,0.28,0.11,0.1,0.0,1.49,0.0,0.28,0.04,0.04,0.03
499,Guinea-Bissau,2016.0,1.79,0.31,0.11,0.11,0.0,1.49,0.0,0.31,0.06,0.04,0.03
500,Guinea-Bissau,2017.0,1.79,0.31,0.11,0.11,0.0,1.49,0.0,0.31,0.06,0.04,0.03
501,Guinea-Bissau,2018.0,1.8,0.32,0.11,0.11,0.0,1.49,0.0,0.32,0.06,0.04,0.03
502,Guinea-Bissau,2019.0,1.81,0.33,0.12,0.11,0.0,1.49,0.0,0.33,0.06,0.04,0.03
503,Guinea-Bissau,2020.0,1.81,0.33,0.12,0.11,0.0,1.49,0.0,0.33,0.06,0.04,0.03
504,Kenya,2000.0,4.33,8.63,2.71,0.33,1.5,-4.3,0.57,8.06,2.19,1.54,1.33
505,Kenya,2001.0,23.05,7.88,2.67,0.32,1.62,15.17,0.57,7.31,1.59,1.64,1.11
506,Kenya,2002.0,22.83,7.66,2.79,0.27,1.79,15.17,0.66,7.01,1.13,1.59,1.02
507,Kenya,2003.0,22.01,6.84,2.5,0.21,1.54,15.17,0.77,6.06,1.02,1.7,0.79
508,Kenya,2004.0,22.83,7.66,2.76,0.22,1.72,15.17,0.86,6.8,1.16,1.87,0.94
509,Kenya,2005.0,23.88,8.71,2.89,0.14,1.89,15.17,1.06,7.65,1.58,1.93,1.15
510,Kenya,2006.0,24.93,9.77,3.24,0.14,2.32,15.17,1.08,8.68,1.86,2.03,1.12
511,Kenya,2007.0,25.04,9.87,3.27,0.22,2.18,15.17,1.27,8.6,1.79,2.22,1.14
512,Kenya,2008.0,25.58,10.41,3.36,0.15,2.26,15.17,1.41,9.0,2.15,1.93,1.09
513,Kenya,2009.0,27.59,12.42,4.17,0.11,2.12,15.17,1.66,10.77,2.93,1.96,1.44
514,Kenya,2010.0,28.59,13.42,4.95,0.15,2.49,15.17,1.85,11.58,2.55,1.78,1.44
515,Kenya,2011.0,22.31,13.96,4.61,0.13,2.9,8.34,2.23,11.73,2.77,2.26,1.32
516,Kenya,2012.0,21.32,12.98,4.9,0.11,2.1,8.34,2.31,10.67,2.13,2.25,1.43
517,Kenya,2013.0,22.73,14.39,5.82,0.13,2.46,8.34,2.52,11.87,2.05,1.81,1.41
518,Kenya,2014.0,25.04,16.7,6.48,0.16,3.19,8.34,2.92,13.78,2.35,1.76,1.6
519,Kenya,2015.0,26.43,18.09,7.99,0.15,3.59,8.34,3.16,14.93,1.29,2.16,1.92
520,Kenya,2016.0,11.74,19.31,8.78,0.16,3.72,-7.57,3.34,15.97,1.38,2.06,1.93
521,Kenya,2017.0,12.53,20.1,8.59,0.23,3.58,-7.57,3.11,16.99,2.4,2.14,2.2
522,Kenya,2018.0,11.68,19.25,9.67,0.24,2.99,-7.57,3.01,16.25,1.46,2.24,1.89
523,Kenya,2019.0,11.91,19.48,10.73,0.16,2.61,-7.57,2.97,16.51,1.25,2.29,1.75
524,Kenya,2020.0,11.87,19.45,10.4,0.17,2.7,-7.57,3.69,15.75,0.71,1.32,1.77
525,Lesotho,2000.0,1.75,1.75,0.27,0.0,1.36,0.0,0.0,1.75,0.0,0.0,0.11
526,Lesotho,2001.0,1.77,1.77,0.27,0.0,1.38,0.0,0.0,1.77,0.0,0.0,0.11
527,Lesotho,2002.0,1.8,1.8,0.28,0.0,1.41,0.0,0.0,1.8,0.0,0.0,0.12
528,Lesotho,2003.0,1.83,1.83,0.28,0.0,1.43,0.0,0.0,1.83,0.0,0.0,0.12
529,Lesotho,2004.0,1.87,1.87,0.28,0.0,1.46,0.0,0.0,1.87,0.0,0.0,0.13
530,Lesotho,2005.0,1.9,1.9,0.32,0.0,1.48,0.0,0.0,1.9,0.0,0.0,0.1
531,Lesotho,2006.0,1.92,1.92,0.31,0.0,1.51,0.0,0.0,1.92,0.0,0.0,0.11
532,Lesotho,2007.0,1.96,1.96,0.32,0.0,1.53,0.0,0.0,1.96,0.0,0.0,0.11
533,Lesotho,2008.0,2.01,2.01,0.35,0.0,1.56,0.0,0.0,2.01,0.0,0.0,0.09
534,Lesotho,2009.0,2.1,2.1,0.39,0.0,1.59,0.0,0.0,2.1,0.0,0.0,0.13
535,Lesotho,2010.0,2.16,2.16,0.4,0.0,1.64,0.0,0.0,2.16,0.0,0.0,0.12
536,Lesotho,2011.0,2.89,2.89,0.41,0.0,2.36,0.0,0.0,2.89,0.0,0.0,0.12
537,Lesotho,2012.0,2.92,2.92,0.44,0.0,2.37,0.0,0.0,2.92,0.0,0.0,0.11
538,Lesotho,2013.0,2.21,2.21,0.42,0.0,1.68,0.0,0.0,2.21,0.0,0.0,0.11
539,Lesotho,2014.0,2.35,2.35,0.43,0.0,1.82,0.0,0.0,2.35,0.0,0.0,0.1
540,Lesotho,2015.0,2.14,2.14,0.47,0.0,1.58,0.0,0.0,2.14,0.0,0.0,0.1
541,Lesotho,2016.0,2.13,2.13,0.5,0.0,1.52,0.0,0.0,2.13,0.0,0.0,0.11
542,Lesotho,2017.0,2.4,2.4,0.5,0.0,1.78,0.0,0.0,2.4,0.0,0.0,0.12
543,Lesotho,2018.0,2.28,2.28,0.53,0.0,1.63,0.0,0.0,2.28,0.0,0.0,0.12
544,Lesotho,2019.0,2.3,2.3,0.54,0.0,1.65,0.0,0.0,2.3,0.0,0.0,0.12
545,Lesotho,2020.0,2.31,2.31,0.54,0.0,1.66,0.0,0.0,2.31,0.0,0.0,0.12
546,Liberia,2000.0,13.82,0.43,0.12,0.1,0.0,13.39,0.03,0.4,0.15,0.04,0.02
547,Liberia,2001.0,13.85,0.45,0.19,0.04,0.0,13.4,0.03,0.42,0.17,0.04,0.02
548,Liberia,2002.0,13.85,0.44,0.23,0.03,0.0,13.41,0.02,0.42,0.17,0.04,0.0
549,Liberia,2003.0,13.88,0.48,0.25,0.04,0.0,13.41,0.01,0.47,0.17,0.04,0.0
550,Liberia,2004.0,13.97,0.56,0.31,0.03,0.0,13.41,0.05,0.51,0.16,0.04,0.0
551,Liberia,2005.0,14.08,0.67,0.34,0.04,0.06,13.41,0.06,0.61,0.17,0.04,0.0
552,Liberia,2006.0,14.1,0.69,0.37,0.05,0.04,13.41,0.06,0.63,0.17,0.04,0.0
553,Liberia,2007.0,14.05,0.64,0.33,0.01,0.03,13.41,0.06,0.58,0.21,0.04,0.0
554,Liberia,2008.0,13.95,0.54,0.27,0.01,0.02,13.41,0.04,0.5,0.21,0.04,0.0
555,Liberia,2009.0,13.94,0.53,0.29,0.01,0.01,13.41,0.03,0.51,0.2,0.04,0.0
556,Liberia,2010.0,14.14,0.73,0.43,0.02,0.04,13.41,0.03,0.7,0.21,0.05,0.0
557,Liberia,2011.0,14.26,0.85,0.5,0.02,0.06,13.41,0.03,0.82,0.23,0.05,0.0
558,Liberia,2012.0,14.35,0.94,0.54,0.02,0.09,13.41,0.05,0.9,0.24,0.05,0.0
559,Liberia,2013.0,14.32,0.91,0.54,0.02,0.05,13.41,0.08,0.83,0.23,0.05,0.0
560,Liberia,2014.0,14.62,1.21,0.71,0.03,0.11,13.41,0.11,1.09,0.23,0.05,0.02
561,Liberia,2015.0,14.66,1.25,0.74,0.03,0.11,13.41,0.12,1.13,0.24,0.04,0.02
562,Liberia,2016.0,14.81,1.4,0.81,0.03,0.14,13.41,0.09,1.3,0.3,0.05,0.02
563,Liberia,2017.0,14.68,1.27,0.71,0.03,0.12,13.41,0.11,1.16,0.28,0.03,0.02
564,Liberia,2018.0,14.53,1.13,0.61,0.03,0.11,13.41,0.13,1.0,0.24,0.03,0.02
565,Liberia,2019.0,14.55,1.15,0.62,0.03,0.11,13.41,0.13,1.01,0.25,0.03,0.02
566,Liberia,2020.0,14.59,1.18,0.62,0.03,0.11,13.41,0.16,1.02,0.25,0.03,0.02
567,Libya,2000.0,44.72,44.72,11.13,0.0,3.2,0.0,1.21,43.51,19.36,2.21,2.41
568,Libya,2001.0,44.46,44.46,11.49,0.0,3.29,0.0,1.21,43.25,19.56,1.53,2.48
569,Libya,2002.0,45.6,45.6,11.71,0.0,3.18,0.0,1.32,44.27,20.71,1.54,2.54
570,Libya,2003.0,48.93,48.93,11.89,0.0,3.16,0.0,1.4,47.53,22.31,1.63,2.59
571,Libya,2004.0,48.47,48.47,12.38,0.0,3.71,0.0,1.43,47.04,21.44,1.77,2.47
572,Libya,2005.0,53.0,53.0,12.86,0.0,3.82,0.0,1.44,51.57,24.78,1.65,2.46
573,Libya,2006.0,52.93,52.93,12.96,0.0,2.74,0.0,2.08,50.85,26.24,2.07,1.65
574,Libya,2007.0,49.4,49.4,11.79,0.0,2.76,0.0,2.02,47.38,24.9,2.03,1.61
575,Libya,2008.0,53.28,53.28,13.46,0.0,3.65,0.0,2.12,51.16,25.65,1.96,1.75
576,Libya,2009.0,56.4,56.4,15.61,0.0,4.22,0.0,2.5,53.9,26.18,1.76,2.07
577,Libya,2010.0,59.56,59.56,18.25,0.0,3.49,0.0,2.7,56.86,26.68,1.67,2.12
578,Libya,2011.0,41.51,41.51,13.62,0.0,2.5,0.0,1.34,40.17,19.21,0.39,1.18
579,Libya,2012.0,58.32,58.32,16.88,0.0,2.53,0.0,0.76,57.55,26.15,1.66,2.1
580,Libya,2013.0,59.77,59.77,17.69,0.0,4.68,0.0,0.78,58.99,27.85,1.15,1.87
581,Libya,2014.0,59.29,59.29,19.56,0.0,4.85,0.0,2.71,56.58,25.74,0.6,1.61
582,Libya,2015.0,51.33,51.33,15.15,0.0,2.77,0.0,1.94,49.39,25.98,0.42,1.16
583,Libya,2016.0,48.69,48.69,18.28,0.0,2.46,0.0,1.59,47.11,21.28,0.43,1.19
584,Libya,2017.0,52.1,52.1,17.24,0.0,2.12,0.0,1.74,50.35,23.25,0.86,1.24
585,Libya,2018.0,54.1,54.1,16.8,0.0,2.25,0.0,1.74,52.36,24.36,1.02,1.18
586,Libya,2019.0,54.69,54.69,17.09,0.0,2.06,0.0,1.4,53.3,24.51,1.06,1.13
587,Libya,2020.0,44.47,44.47,16.71,0.0,1.82,0.0,1.2,43.27,19.57,0.36,1.06
588,Madagascar,2000.0,29.56,1.65,0.91,0.0,0.25,27.91,0.02,1.63,0.35,0.18,0.12
589,Madagascar,2001.0,22.68,1.67,0.87,0.0,0.32,21.01,0.02,1.65,0.34,0.19,0.13
590,Madagascar,2002.0,22.12,1.12,0.6,0.0,0.21,21.0,0.01,1.11,0.28,0.08,0.02
591,Madagascar,2003.0,22.55,1.55,0.84,0.0,0.25,20.99,0.08,1.47,0.37,0.14,0.01
592,Madagascar,2004.0,22.64,1.65,0.89,0.0,0.27,21.0,0.07,1.58,0.38,0.18,0.04
593,Madagascar,2005.0,22.71,1.71,0.85,0.0,0.33,21.0,0.06,1.65,0.36,0.19,0.11
594,Madagascar,2006.0,22.64,1.64,0.82,0.0,0.28,21.01,0.06,1.58,0.38,0.19,0.11
595,Madagascar,2007.0,22.73,1.72,0.87,0.0,0.27,21.01,0.1,1.62,0.36,0.2,0.12
596,Madagascar,2008.0,22.78,1.78,0.89,0.0,0.3,21.0,0.06,1.72,0.42,0.19,0.11
597,Madagascar,2009.0,22.68,1.69,0.85,0.0,0.28,21.0,0.05,1.63,0.38,0.14,0.13
598,Madagascar,2010.0,22.87,1.87,0.89,0.0,0.32,21.0,0.06,1.81,0.45,0.2,0.14
599,Madagascar,2011.0,11.24,2.19,1.0,0.0,0.32,9.05,0.08,2.12,0.65,0.18,0.15
600,Madagascar,2012.0,11.79,2.74,1.02,0.0,0.52,9.05,0.09,2.65,0.97,0.19,0.14
601,Madagascar,2013.0,11.97,2.93,1.07,0.0,0.57,9.04,0.09,2.84,1.09,0.16,0.1
602,Madagascar,2014.0,12.05,3.01,1.14,0.0,0.6,9.04,0.06,2.95,1.12,0.13,0.1
603,Madagascar,2015.0,12.33,3.28,1.18,0.0,0.62,9.04,0.06,3.23,1.33,0.13,0.1
604,Madagascar,2016.0,12.22,3.18,1.22,0.05,0.53,9.04,0.06,3.12,1.23,0.15,0.09
605,Madagascar,2017.0,12.51,3.48,1.24,0.09,0.54,9.03,0.08,3.4,1.42,0.15,0.12
606,Madagascar,2018.0,12.34,3.3,1.29,0.1,0.49,9.04,0.05,3.25,1.26,0.17,0.12
607,Madagascar,2019.0,12.99,3.93,1.39,0.26,0.62,9.06,0.05,3.88,1.52,0.17,0.08
608,Madagascar,2020.0,11.81,2.75,1.19,0.24,0.28,9.06,0.04,2.71,0.93,0.07,0.06
609,Malawi,2000.0,8.8,0.88,0.39,0.0,0.19,7.93,0.06,0.82,0.15,0.02,0.08
610,Malawi,2001.0,8.78,0.85,0.4,0.0,0.2,7.94,0.06,0.79,0.14,0.02,0.05
611,Malawi,2002.0,8.8,0.86,0.42,0.05,0.14,7.94,0.05,0.81,0.15,0.01,0.06
612,Malawi,2003.0,8.83,0.89,0.46,0.07,0.08,7.94,0.08,0.81,0.13,0.03,0.06
613,Malawi,2004.0,8.84,0.9,0.47,0.08,0.08,7.94,0.04,0.86,0.16,0.02,0.07
614,Malawi,2005.0,8.8,0.85,0.45,0.08,0.09,7.94,0.01,0.84,0.17,0.02,0.06
615,Malawi,2006.0,8.81,0.86,0.46,0.08,0.09,7.94,0.0,0.86,0.18,0.03,0.06
616,Malawi,2007.0,8.87,0.93,0.51,0.08,0.09,7.95,0.02,0.91,0.17,0.03,0.05
617,Malawi,2008.0,8.96,1.01,0.65,0.08,0.07,7.95,0.0,1.01,0.15,0.03,0.05
618,Malawi,2009.0,8.99,1.04,0.68,0.08,0.07,7.96,0.01,1.03,0.15,0.02,0.04
619,Malawi,2010.0,8.94,0.98,0.61,0.08,0.1,7.95,0.02,0.97,0.15,0.03,0.04
620,Malawi,2011.0,9.03,1.07,0.63,0.09,0.15,7.96,0.01,1.06,0.15,0.03,0.03
621,Malawi,2012.0,9.03,1.08,0.66,0.09,0.13,7.96,0.03,1.05,0.14,0.02,0.02
622,Malawi,2013.0,9.1,1.15,0.7,0.09,0.14,7.95,0.07,1.08,0.15,0.02,0.01
623,Malawi,2014.0,8.96,1.05,0.56,0.07,0.14,7.92,0.12,0.92,0.14,0.02,0.01
624,Malawi,2015.0,9.01,1.09,0.64,0.07,0.16,7.92,0.07,1.02,0.13,0.02,0.01
625,Malawi,2016.0,9.14,1.22,0.78,0.07,0.15,7.92,0.07,1.15,0.14,0.02,0.01
626,Malawi,2017.0,9.32,1.39,0.93,0.07,0.15,7.92,0.1,1.3,0.14,0.02,0.01
627,Malawi,2018.0,9.53,1.61,1.11,0.08,0.16,7.92,0.11,1.5,0.14,0.02,0.01
628,Malawi,2019.0,9.56,1.64,1.15,0.06,0.16,7.92,0.11,1.53,0.14,0.01,0.01
629,Malawi,2020.0,9.55,1.64,1.16,0.06,0.17,7.91,0.1,1.54,0.15,0.01,0.01
630,Mali,2000.0,1.09,1.09,0.42,0.07,0.0,0.0,0.0,1.09,0.55,0.06,0.05
631,Mali,2001.0,1.2,1.2,0.43,0.16,0.0,0.0,0.0,1.2,0.55,0.06,0.06
632,Mali,2002.0,1.24,1.24,0.44,0.17,0.0,0.0,0.0,1.24,0.57,0.06,0.06
633,Mali,2003.0,1.28,1.28,0.43,0.18,0.0,0.0,0.08,1.28,0.6,0.06,0.06
634,Mali,2004.0,1.45,1.45,0.69,0.22,0.0,0.0,0.08,1.45,0.48,0.06,0.06
635,Mali,2005.0,1.5,1.5,0.71,0.15,0.0,0.0,0.08,1.5,0.57,0.08,0.07
636,Mali,2006.0,1.58,1.58,0.86,0.08,0.0,0.0,0.08,1.58,0.59,0.07,0.05
637,Mali,2007.0,1.84,1.84,1.12,0.09,0.01,0.0,0.08,1.84,0.58,0.07,0.05
638,Mali,2008.0,2.02,2.02,1.51,0.05,0.0,0.0,0.08,2.02,0.42,0.09,0.04
639,Mali,2009.0,1.94,1.94,1.39,0.02,0.02,0.0,0.08,1.94,0.47,0.12,0.04
640,Mali,2010.0,2.15,2.15,1.36,0.02,0.04,0.0,0.08,2.15,0.69,0.13,0.05
641,Mali,2011.0,2.35,2.35,1.52,0.01,0.06,0.0,0.0,2.35,0.69,0.14,0.06
642,Mali,2012.0,2.51,2.51,1.53,0.08,0.09,0.0,0.0,2.51,0.73,0.15,0.08
643,Mali,2013.0,2.81,2.81,1.29,0.04,0.16,0.0,0.17,2.64,1.07,0.17,0.08
644,Mali,2014.0,3.17,3.17,1.11,0.08,0.3,0.0,0.26,2.92,1.34,0.18,0.09
645,Mali,2015.0,3.34,3.34,1.23,0.06,0.3,0.0,0.24,3.1,1.41,0.18,0.09
646,Mali,2016.0,3.41,3.41,1.31,0.48,0.31,0.0,0.25,3.16,0.96,0.19,0.1
647,Mali,2017.0,3.63,3.63,1.36,0.33,0.32,0.0,0.26,3.37,1.26,0.19,0.11
648,Mali,2018.0,3.87,3.87,1.47,0.15,0.32,0.0,0.37,3.5,1.43,0.2,0.11
649,Mali,2019.0,3.94,3.94,1.49,0.16,0.33,0.0,0.39,3.55,1.46,0.2,0.12
650,Mali,2020.0,4.15,4.15,1.5,0.16,0.33,0.0,0.58,3.57,1.46,0.2,0.12
651,Mauritania,2000.0,1.52,1.12,0.41,0.18,0.14,0.4,0.0,1.12,0.33,0.07,0.06
652,Mauritania,2001.0,1.57,1.18,0.42,0.19,0.15,0.4,0.0,1.18,0.36,0.07,0.06
653,Mauritania,2002.0,1.67,1.27,0.52,0.19,0.15,0.4,0.0,1.27,0.33,0.06,0.07
654,Mauritania,2003.0,1.7,1.3,0.59,0.2,0.15,0.4,0.0,1.3,0.29,0.07,0.08
655,Mauritania,2004.0,1.81,1.41,0.63,0.23,0.15,0.4,0.0,1.41,0.3,0.08,0.1
656,Mauritania,2005.0,1.84,1.45,0.64,0.19,0.17,0.4,0.0,1.45,0.34,0.08,0.1
657,Mauritania,2006.0,1.86,1.46,0.62,0.18,0.2,0.4,0.0,1.46,0.35,0.06,0.1
658,Mauritania,2007.0,2.11,1.72,0.83,0.19,0.21,0.4,0.0,1.72,0.38,0.05,0.1
659,Mauritania,2008.0,2.19,1.8,0.77,0.14,0.33,0.4,0.0,1.8,0.45,0.05,0.11
660,Mauritania,2009.0,2.39,1.99,0.89,0.15,0.36,0.4,0.0,1.99,0.44,0.07,0.16
661,Mauritania,2010.0,2.47,2.07,0.92,0.14,0.39,0.4,0.0,2.07,0.54,0.06,0.08
662,Mauritania,2011.0,2.58,2.18,0.86,0.14,0.47,0.4,0.0,2.18,0.56,0.05,0.16
663,Mauritania,2012.0,2.75,2.36,0.96,0.14,0.5,0.4,0.0,2.36,0.59,0.07,0.16
664,Mauritania,2013.0,2.5,2.1,0.92,0.13,0.33,0.4,0.0,2.1,0.54,0.07,0.19
665,Mauritania,2014.0,2.93,2.53,1.01,0.14,0.62,0.4,0.0,2.53,0.58,0.07,0.18
666,Mauritania,2015.0,3.36,2.97,1.25,0.18,0.74,0.4,0.0,2.97,0.6,0.06,0.19
667,Mauritania,2016.0,1.5,2.58,1.17,0.16,0.48,-1.08,0.0,2.58,0.56,0.07,0.21
668,Mauritania,2017.0,2.33,3.41,1.39,0.24,0.82,-1.08,0.0,3.41,0.74,0.07,0.22
669,Mauritania,2018.0,2.63,3.72,1.59,0.17,1.03,-1.08,0.0,3.72,0.71,0.07,0.21
670,Mauritania,2019.0,2.74,3.82,1.69,0.19,1.0,-1.08,0.0,3.82,0.76,0.07,0.18
671,Mauritania,2020.0,2.76,3.85,1.7,0.19,1.0,-1.08,0.0,3.85,0.76,0.07,0.19
672,Mauritius,2000.0,2.41,2.43,0.75,0.01,0.36,-0.02,0.0,2.43,1.16,1.31,0.16
673,Mauritius,2001.0,2.65,2.57,0.75,0.01,0.39,0.08,0.0,2.57,1.26,1.27,0.15
674,Mauritius,2002.0,2.7,2.61,0.78,0.01,0.38,0.08,0.0,2.61,1.29,1.16,0.16
675,Mauritius,2003.0,2.83,2.75,0.81,0.01,0.39,0.08,0.0,2.75,1.38,1.09,0.17
676,Mauritius,2004.0,2.85,2.77,0.83,0.01,0.36,0.08,0.0,2.77,1.4,1.17,0.17
677,Mauritius,2005.0,3.05,2.96,0.86,0.01,0.35,0.08,0.0,2.96,1.57,1.33,0.18
678,Mauritius,2006.0,3.39,3.3,0.87,0.01,0.41,0.08,0.0,3.3,1.85,1.3,0.17
679,Mauritius,2007.0,3.48,3.4,0.83,0.01,0.4,0.08,0.0,3.4,1.99,1.41,0.16
680,Mauritius,2008.0,3.55,3.47,0.84,0.01,0.44,0.08,0.0,3.47,2.02,1.48,0.16
681,Mauritius,2009.0,3.51,3.42,0.87,0.01,0.36,0.08,0.0,3.42,2.02,1.35,0.16
682,Mauritius,2010.0,3.75,3.66,0.92,0.01,0.35,0.08,0.0,3.66,2.21,1.48,0.17
683,Mauritius,2011.0,3.64,3.64,0.93,0.01,0.34,0.01,0.0,3.64,2.19,1.67,0.17
684,Mauritius,2012.0,3.73,3.73,0.95,0.01,0.33,0.01,0.0,3.73,2.26,1.54,0.17
685,Mauritius,2013.0,3.82,3.82,0.97,0.01,0.32,0.01,0.0,3.82,2.35,1.58,0.18
686,Mauritius,2014.0,3.95,3.95,1.0,0.01,0.33,0.01,0.0,3.95,2.43,1.68,0.19
687,Mauritius,2015.0,3.97,3.96,1.03,0.01,0.34,0.01,0.0,3.96,2.39,1.72,0.19
688,Mauritius,2016.0,4.01,4.04,1.1,0.01,0.33,-0.03,0.0,4.04,2.41,1.95,0.19
689,Mauritius,2017.0,4.15,4.17,1.12,0.01,0.32,-0.03,0.0,4.17,2.54,2.41,0.19
690,Mauritius,2018.0,4.11,4.13,1.14,0.01,0.32,-0.03,0.0,4.13,2.47,2.78,0.2
691,Mauritius,2019.0,4.15,4.17,1.2,0.01,0.33,-0.03,0.0,4.17,2.42,2.96,0.21
692,Mauritius,2020.0,3.7,3.72,1.01,0.01,0.32,-0.03,0.0,3.72,2.19,2.34,0.2
693,Morocco,2000.0,27.98,32.88,8.17,1.27,5.53,-4.89,3.33,29.55,11.24,0.96,3.34
694,Morocco,2001.0,31.75,36.27,8.58,1.34,5.6,-4.52,4.08,32.19,13.23,0.94,3.45
695,Morocco,2002.0,32.95,37.47,8.99,1.36,5.35,-4.52,4.13,33.34,14.06,0.95,3.58
696,Morocco,2003.0,32.73,37.25,9.37,1.42,4.14,-4.52,4.18,33.07,14.52,0.96,3.62
697,Morocco,2004.0,36.49,41.01,9.83,1.5,5.48,-4.52,4.4,36.61,15.91,1.1,3.89
698,Morocco,2005.0,39.06,43.58,10.24,1.59,6.51,-4.52,4.36,39.22,16.82,1.25,4.06
699,Morocco,2006.0,40.47,44.99,10.54,1.65,7.02,-4.52,4.47,40.52,16.95,1.4,4.36
700,Morocco,2007.0,41.82,46.34,11.19,1.67,7.04,-4.52,5.0,41.34,16.69,1.62,4.75
701,Morocco,2008.0,44.11,48.63,12.26,1.72,7.25,-4.52,5.46,43.18,16.89,1.62,5.06
702,Morocco,2009.0,44.24,48.77,12.97,2.0,7.21,-4.52,5.6,43.17,15.84,1.63,5.14
703,Morocco,2010.0,47.23,51.75,13.65,2.04,7.64,-4.52,5.36,46.39,17.72,2.21,5.34
704,Morocco,2011.0,54.48,55.92,14.44,2.15,8.61,-1.44,5.19,50.73,19.93,2.22,5.6
705,Morocco,2012.0,56.64,58.08,14.65,2.24,8.85,-1.44,5.84,52.24,20.52,2.04,5.98
706,Morocco,2013.0,56.16,57.6,15.21,2.32,8.76,-1.44,6.07,51.52,19.09,2.19,6.14
707,Morocco,2014.0,57.25,58.69,15.41,2.38,7.7,-1.44,5.17,53.52,21.59,2.36,6.44
708,Morocco,2015.0,58.92,60.36,16.38,2.52,7.41,-1.44,5.25,55.11,22.23,2.48,6.58
709,Morocco,2016.0,58.35,60.29,17.04,2.61,6.9,-1.94,5.21,55.08,21.62,2.48,6.89
710,Morocco,2017.0,61.08,63.01,17.68,2.75,7.91,-1.94,5.06,57.96,22.53,2.59,7.09
711,Morocco,2018.0,62.35,64.29,18.16,2.83,7.85,-1.94,4.88,59.4,23.32,2.77,7.24
712,Morocco,2019.0,69.05,70.99,18.95,2.97,7.62,-1.94,5.0,65.99,28.85,2.9,7.59
713,Morocco,2020.0,64.78,66.72,16.64,2.64,6.7,-1.94,4.49,62.23,28.39,1.32,7.86
714,Mozambique,2000.0,49.78,1.43,0.85,0.01,0.08,48.36,0.11,1.32,0.05,0.14,0.33
715,Mozambique,2001.0,50.34,1.41,0.84,0.02,0.22,48.93,0.11,1.3,0.05,0.13,0.18
716,Mozambique,2002.0,50.5,1.57,0.91,0.01,0.24,48.93,0.2,1.37,0.04,0.14,0.17
717,Mozambique,2003.0,50.83,1.9,1.13,0.02,0.31,48.93,0.24,1.66,0.03,0.26,0.18
718,Mozambique,2004.0,50.84,1.91,1.14,0.02,0.3,48.93,0.22,1.69,0.04,0.26,0.19
719,Mozambique,2005.0,50.64,1.71,1.04,0.01,0.26,48.93,0.19,1.51,0.02,0.15,0.18
720,Mozambique,2006.0,50.79,1.86,1.13,0.02,0.29,48.93,0.24,1.62,0.02,0.18,0.17
721,Mozambique,2007.0,51.16,2.23,1.4,0.02,0.36,48.93,0.26,1.97,0.01,0.2,0.18
722,Mozambique,2008.0,51.17,2.24,1.37,0.02,0.39,48.93,0.29,1.95,0.02,0.19,0.15
723,Mozambique,2009.0,51.42,2.49,1.54,0.02,0.46,48.93,0.3,2.2,0.02,0.21,0.15
724,Mozambique,2010.0,51.61,2.68,1.7,0.02,0.46,48.93,0.34,2.34,0.02,0.2,0.13
725,Mozambique,2011.0,48.87,3.29,2.06,0.02,0.58,45.58,0.37,2.92,0.18,0.11,0.08
726,Mozambique,2012.0,49.22,3.64,2.38,0.02,0.52,45.58,0.45,3.19,0.19,0.12,0.08
727,Mozambique,2013.0,49.73,4.15,2.58,0.03,0.69,45.58,0.51,3.64,0.25,0.14,0.09
728,Mozambique,2014.0,50.4,4.82,3.02,0.06,0.74,45.58,0.59,4.24,0.28,0.13,0.1
729,Mozambique,2015.0,51.06,5.48,3.14,0.19,0.63,45.58,0.61,4.86,0.78,0.12,0.12
730,Mozambique,2016.0,60.07,7.24,3.47,0.17,0.73,52.83,0.95,6.3,1.79,0.12,0.13
731,Mozambique,2017.0,59.99,7.16,3.28,0.11,0.8,52.83,0.91,6.25,1.93,0.09,0.11
732,Mozambique,2018.0,59.7,6.88,3.25,0.0,0.85,52.83,0.93,5.95,1.73,0.11,0.09
733,Mozambique,2019.0,60.36,7.53,3.59,0.03,0.91,52.83,1.05,6.48,1.85,0.11,0.09
734,Mozambique,2020.0,59.77,6.95,3.28,0.03,0.69,52.83,1.09,5.86,1.76,0.06,0.09
735,Namibia,2000.0,12.5,1.94,1.14,0.61,0.16,10.56,0.0,1.94,0.01,0.13,0.03
736,Namibia,2001.0,13.02,2.46,1.37,0.82,0.22,10.56,0.0,2.46,0.01,0.06,0.03
737,Namibia,2002.0,12.69,2.13,1.21,0.71,0.19,10.56,0.0,2.13,0.0,0.05,0.02
738,Namibia,2003.0,12.83,2.27,1.26,0.76,0.21,10.56,0.0,2.27,0.02,0.08,0.02
739,Namibia,2004.0,12.94,2.38,1.33,0.8,0.22,10.56,0.0,2.38,0.01,0.05,0.02
740,Namibia,2005.0,13.09,2.53,1.56,0.71,0.19,10.56,0.0,2.53,0.04,0.03,0.02
741,Namibia,2006.0,13.05,2.49,1.39,0.73,0.2,10.56,0.0,2.49,0.15,0.08,0.02
742,Namibia,2007.0,13.11,2.55,1.39,0.75,0.21,10.56,0.0,2.55,0.17,0.08,0.02
743,Namibia,2008.0,13.49,2.93,1.53,0.93,0.22,10.56,0.0,2.93,0.24,0.09,0.02
744,Namibia,2009.0,13.56,3.0,1.7,0.97,0.22,10.56,0.0,3.0,0.11,0.09,0.01
745,Namibia,2010.0,13.66,3.1,1.78,1.05,0.23,10.56,0.0,3.1,0.03,0.09,0.01
746,Namibia,2011.0,13.86,3.3,1.8,1.08,0.24,10.56,0.15,3.16,0.02,0.1,0.01
747,Namibia,2012.0,14.07,3.51,1.77,1.15,0.26,10.56,0.22,3.28,0.09,0.1,0.02
748,Namibia,2013.0,14.32,3.76,1.87,1.26,0.27,10.56,0.27,3.49,0.08,0.11,0.01
749,Namibia,2014.0,14.49,3.93,1.98,1.34,0.29,10.56,0.3,3.63,0.01,0.11,0.01
750,Namibia,2015.0,14.7,4.14,2.06,1.39,0.3,10.56,0.33,3.81,0.04,0.11,0.01
751,Namibia,2016.0,14.71,4.15,2.06,1.43,0.3,10.56,0.26,3.89,0.08,0.11,0.01
752,Namibia,2017.0,14.78,4.22,2.04,1.38,0.3,10.56,0.41,3.82,0.09,0.11,0.01
753,Namibia,2018.0,14.84,4.28,2.06,1.39,0.3,10.56,0.48,3.8,0.03,0.11,0.01
754,Namibia,2019.0,14.88,4.32,2.05,1.37,0.3,10.56,0.52,3.8,0.07,0.11,0.01
755,Namibia,2020.0,14.51,3.95,1.86,1.25,0.27,10.56,0.47,3.48,0.09,0.04,0.01
756,Niger,2000.0,6.33,0.66,0.35,0.0,0.04,5.67,0.01,0.65,0.23,0.04,0.03
757,Niger,2001.0,1.89,0.66,0.36,0.0,0.05,1.23,0.01,0.65,0.21,0.03,0.03
758,Niger,2002.0,1.92,0.69,0.36,0.0,0.05,1.23,0.01,0.68,0.23,0.03,0.03
759,Niger,2003.0,1.98,0.75,0.39,0.0,0.07,1.23,0.01,0.74,0.24,0.03,0.04
760,Niger,2004.0,2.01,0.78,0.4,0.0,0.07,1.23,0.0,0.77,0.26,0.03,0.04
761,Niger,2005.0,1.97,0.74,0.4,0.0,0.06,1.23,0.01,0.74,0.25,0.04,0.03
762,Niger,2006.0,1.97,0.74,0.42,0.0,0.07,1.23,0.01,0.73,0.22,0.04,0.02
763,Niger,2007.0,2.04,0.81,0.49,0.0,0.09,1.23,0.01,0.8,0.2,0.04,0.02
764,Niger,2008.0,2.09,0.85,0.5,0.0,0.11,1.23,0.01,0.84,0.22,0.04,0.02
765,Niger,2009.0,2.31,1.08,0.65,0.0,0.16,1.23,0.01,1.07,0.24,0.04,0.02
766,Niger,2010.0,2.59,1.36,0.8,0.0,0.21,1.23,0.0,1.36,0.33,0.04,0.02
767,Niger,2011.0,2.63,1.4,0.77,0.0,0.2,1.23,0.02,1.38,0.38,0.04,0.02
768,Niger,2012.0,3.12,1.89,1.04,0.0,0.3,1.23,0.02,1.87,0.43,0.04,0.1
769,Niger,2013.0,3.2,1.98,1.11,0.0,0.25,1.23,0.02,1.96,0.38,0.07,0.05
770,Niger,2014.0,3.39,2.16,1.17,0.0,0.28,1.23,0.02,2.14,0.47,0.09,0.05
771,Niger,2015.0,3.34,2.11,1.21,0.0,0.2,1.23,0.02,2.09,0.52,0.12,0.06
772,Niger,2016.0,3.34,2.1,1.08,0.0,0.14,1.24,0.02,2.08,0.7,0.14,0.07
773,Niger,2017.0,3.15,1.9,0.96,0.0,0.17,1.24,0.02,1.88,0.58,0.13,0.1
774,Niger,2018.0,3.2,1.96,1.03,0.0,0.14,1.24,0.03,1.93,0.57,0.14,0.12
775,Niger,2019.0,3.4,2.16,1.17,0.0,0.18,1.24,0.03,2.13,0.59,0.14,0.12
776,Niger,2020.0,3.44,2.2,1.13,0.0,0.19,1.24,0.03,2.17,0.64,0.09,0.14
777,Nigeria,2000.0,143.21,97.22,21.83,1.17,2.96,45.99,1.01,96.2,13.72,1.8,4.03
778,Nigeria,2001.0,147.94,101.95,26.58,0.69,2.6,45.99,0.97,100.98,14.06,1.78,5.28
779,Nigeria,2002.0,138.23,92.24,27.53,0.59,2.75,45.99,0.84,91.4,14.98,1.61,4.98
780,Nigeria,2003.0,146.99,100.99,29.08,0.64,7.55,45.99,0.92,100.08,13.19,1.82,3.59
781,Nigeria,2004.0,144.72,98.72,29.69,0.77,5.99,45.99,0.92,97.81,15.49,1.94,2.17
782,Nigeria,2005.0,144.71,98.72,28.71,2.28,5.12,45.99,1.07,97.65,16.91,2.0,3.6
783,Nigeria,2006.0,134.76,88.77,24.23,3.35,4.74,45.99,1.3,87.47,16.74,1.96,2.43
784,Nigeria,2007.0,127.12,81.12,21.16,3.32,5.07,45.99,1.82,79.3,17.05,1.95,1.33
785,Nigeria,2008.0,132.92,86.93,25.37,2.73,5.21,45.99,3.85,83.09,17.26,3.76,2.54
786,Nigeria,2009.0,122.94,76.95,23.74,1.18,2.23,45.99,3.85,73.1,15.34,3.19,1.87
787,Nigeria,2010.0,136.05,90.06,29.73,4.0,2.37,45.99,3.86,86.2,19.02,2.48,1.77
788,Nigeria,2011.0,140.99,95.0,31.73,3.29,7.07,45.99,4.59,90.41,22.01,2.48,2.36
789,Nigeria,2012.0,141.33,95.34,35.16,4.18,6.09,45.99,6.12,89.22,23.64,2.57,1.57
790,Nigeria,2013.0,154.11,108.12,44.85,5.31,6.47,45.99,7.79,100.33,24.08,2.25,1.59
791,Nigeria,2014.0,160.81,114.82,49.18,6.5,7.26,45.99,7.75,107.07,26.29,2.15,1.58
792,Nigeria,2015.0,153.74,107.75,44.72,5.28,7.29,45.99,8.14,99.61,25.92,2.26,1.62
793,Nigeria,2016.0,156.81,110.82,51.25,0.77,7.15,45.99,8.53,102.29,27.27,2.34,1.74
794,Nigeria,2017.0,154.47,108.48,51.3,0.84,6.83,45.99,7.36,101.12,25.58,2.6,1.81
795,Nigeria,2018.0,159.62,113.63,54.99,0.54,7.16,45.99,8.53,105.11,25.89,3.11,2.17
796,Nigeria,2019.0,165.54,119.54,59.45,0.55,7.34,45.99,8.91,110.63,25.38,2.54,2.8
797,Nigeria,2020.0,157.97,111.98,50.98,0.54,7.31,45.99,9.96,102.02,25.46,1.9,3.83
798,Republic of Congo,2000.0,12.74,4.35,0.43,0.0,0.0,8.39,0.01,4.34,0.0,0.08,0.07
799,Republic of Congo,2001.0,12.52,4.24,0.55,0.0,0.01,8.28,0.0,4.24,0.0,0.11,0.07
800,Republic of Congo,2002.0,11.04,2.76,0.43,0.0,0.01,8.29,0.0,2.76,0.0,0.09,0.07
801,Republic of Congo,2003.0,11.49,3.22,0.6,0.0,0.04,8.26,0.0,3.22,0.04,0.1,0.08
802,Republic of Congo,2004.0,11.78,3.51,0.71,0.0,0.02,8.26,0.0,3.51,0.04,0.09,0.01
803,Republic of Congo,2005.0,12.6,4.31,0.72,0.0,0.02,8.28,0.04,4.27,0.05,0.11,0.06
804,Republic of Congo,2006.0,13.08,4.78,0.88,0.0,0.03,8.3,0.04,4.74,0.05,0.11,0.06
805,Republic of Congo,2007.0,12.43,4.15,0.96,0.0,0.03,8.28,0.04,4.11,0.04,0.23,0.07
806,Republic of Congo,2008.0,12.69,4.36,1.18,0.0,0.07,8.33,0.04,4.32,0.05,0.28,0.08
807,Republic of Congo,2009.0,13.17,4.84,1.28,0.0,0.06,8.33,0.04,4.8,0.13,0.16,0.1
808,Republic of Congo,2010.0,13.77,5.42,1.48,0.0,0.03,8.35,0.03,5.39,0.21,0.14,0.11
809,Republic of Congo,2011.0,13.82,5.38,1.65,0.0,0.04,8.43,0.03,5.36,0.3,0.16,0.11
810,Republic of Congo,2012.0,13.89,5.26,1.6,0.0,0.12,8.63,0.06,5.2,0.42,0.15,0.08
811,Republic of Congo,2013.0,13.98,5.31,1.91,0.0,0.1,8.67,0.1,5.21,0.42,0.14,0.09
812,Republic of Congo,2014.0,13.9,5.18,2.02,0.0,0.07,8.73,0.18,5.0,0.44,0.13,0.09
813,Republic of Congo,2015.0,14.38,5.66,1.7,0.0,0.12,8.73,0.27,5.38,1.26,0.16,0.08
814,Republic of Congo,2016.0,15.14,5.5,1.45,0.0,0.09,9.64,0.37,5.13,1.35,0.13,0.09
815,Republic of Congo,2017.0,15.06,5.41,1.32,0.0,0.11,9.65,0.41,5.0,1.34,0.1,0.08
816,Republic of Congo,2018.0,15.91,6.22,1.26,0.0,0.11,9.69,0.27,5.95,1.52,0.1,0.08
817,Republic of Congo,2019.0,16.73,7.01,1.25,0.0,0.11,9.72,0.28,6.72,2.13,0.1,0.08
818,Republic of Congo,2020.0,16.84,7.15,1.15,0.0,0.1,9.68,0.23,6.92,2.23,0.09,0.07
819,Rwanda,2000.0,3.15,0.66,0.3,0.02,0.07,2.49,0.03,0.63,0.17,0.06,0.07
820,Rwanda,2001.0,2.95,0.67,0.31,0.02,0.07,2.27,0.04,0.64,0.17,0.06,0.08
821,Rwanda,2002.0,3.06,0.8,0.37,0.02,0.07,2.26,0.04,0.76,0.21,0.06,0.09
822,Rwanda,2003.0,2.95,0.68,0.31,0.02,0.06,2.26,0.04,0.64,0.17,0.06,0.08
823,Rwanda,2004.0,2.92,0.66,0.3,0.02,0.06,2.26,0.04,0.62,0.17,0.06,0.08
824,Rwanda,2005.0,2.98,0.72,0.33,0.02,0.06,2.26,0.04,0.68,0.18,0.06,0.08
825,Rwanda,2006.0,2.98,0.72,0.32,0.02,0.07,2.26,0.04,0.68,0.18,0.07,0.09
826,Rwanda,2007.0,2.92,0.65,0.29,0.02,0.06,2.27,0.04,0.62,0.17,0.08,0.08
827,Rwanda,2008.0,2.92,0.65,0.29,0.02,0.06,2.27,0.04,0.62,0.17,0.07,0.08
828,Rwanda,2009.0,2.94,0.67,0.3,0.02,0.06,2.27,0.03,0.64,0.18,0.08,0.09
829,Rwanda,2010.0,2.97,0.7,0.3,0.02,0.09,2.26,0.03,0.67,0.18,0.08,0.09
830,Rwanda,2011.0,2.11,0.74,0.38,0.02,0.09,1.37,0.03,0.7,0.13,0.1,0.08
831,Rwanda,2012.0,2.18,0.81,0.41,0.02,0.1,1.37,0.03,0.78,0.16,0.11,0.09
832,Rwanda,2013.0,2.27,0.9,0.49,0.02,0.11,1.37,0.03,0.87,0.17,0.1,0.09
833,Rwanda,2014.0,2.29,0.92,0.53,0.02,0.11,1.37,0.04,0.89,0.15,0.11,0.08
834,Rwanda,2015.0,2.45,1.08,0.62,0.01,0.13,1.37,0.07,1.01,0.16,0.14,0.08
835,Rwanda,2016.0,2.43,1.15,0.57,0.01,0.16,1.28,0.11,1.04,0.21,0.14,0.09
836,Rwanda,2017.0,2.53,1.26,0.56,0.01,0.19,1.27,0.13,1.13,0.27,0.16,0.09
837,Rwanda,2018.0,2.67,1.4,0.52,0.01,0.31,1.27,0.13,1.27,0.32,0.16,0.11
838,Rwanda,2019.0,2.72,1.45,0.61,0.01,0.29,1.26,0.15,1.3,0.28,0.17,0.11
839,Rwanda,2020.0,2.64,1.38,0.58,0.01,0.29,1.26,0.15,1.23,0.22,0.09,0.14
840,Sao Tome and Principe,2000.0,0.06,0.05,0.02,0.0,0.02,0.01,0.0,0.05,0.02,0.01,0.0
841,Sao Tome and Principe,2001.0,0.06,0.05,0.01,0.0,0.02,0.01,0.0,0.05,0.02,0.01,0.0
842,Sao Tome and Principe,2002.0,0.07,0.06,0.02,0.0,0.02,0.01,0.0,0.06,0.02,0.01,0.01
843,Sao Tome and Principe,2003.0,0.07,0.07,0.02,0.0,0.02,0.01,0.0,0.07,0.02,0.01,0.01
844,Sao Tome and Principe,2004.0,0.08,0.07,0.02,0.0,0.02,0.01,0.0,0.07,0.02,0.02,0.01
845,Sao Tome and Principe,2005.0,0.09,0.08,0.02,0.0,0.02,0.01,0.0,0.08,0.03,0.02,0.01
846,Sao Tome and Principe,2006.0,0.09,0.08,0.02,0.0,0.02,0.01,0.0,0.08,0.03,0.02,0.01
847,Sao Tome and Principe,2007.0,0.09,0.08,0.02,0.0,0.02,0.01,0.0,0.08,0.03,0.02,0.01
848,Sao Tome and Principe,2008.0,0.1,0.09,0.03,0.0,0.02,0.01,0.0,0.09,0.03,0.03,0.01
849,Sao Tome and Principe,2009.0,0.1,0.09,0.03,0.0,0.02,0.01,0.0,0.09,0.04,0.03,0.01
850,Sao Tome and Principe,2010.0,0.11,0.1,0.03,0.0,0.02,0.01,0.0,0.1,0.04,0.03,0.01
851,Sao Tome and Principe,2011.0,0.32,0.1,0.03,0.0,0.03,0.22,0.0,0.1,0.04,0.03,0.01
852,Sao Tome and Principe,2012.0,0.33,0.12,0.03,0.0,0.03,0.22,0.0,0.12,0.05,0.03,0.01
853,Sao Tome and Principe,2013.0,0.34,0.12,0.03,0.0,0.03,0.22,0.0,0.12,0.05,0.03,0.01
854,Sao Tome and Principe,2014.0,0.33,0.12,0.03,0.0,0.03,0.22,0.0,0.12,0.05,0.03,0.01
855,Sao Tome and Principe,2015.0,0.34,0.12,0.03,0.0,0.03,0.22,0.0,0.12,0.05,0.03,0.01
856,Sao Tome and Principe,2016.0,0.34,0.13,0.03,0.0,0.03,0.22,0.0,0.13,0.05,0.03,0.01
857,Sao Tome and Principe,2017.0,0.35,0.13,0.03,0.0,0.03,0.22,0.0,0.13,0.06,0.04,0.01
858,Sao Tome and Principe,2018.0,0.35,0.14,0.03,0.0,0.03,0.22,0.0,0.14,0.06,0.04,0.01
859,Sao Tome and Principe,2019.0,0.36,0.14,0.03,0.0,0.03,0.22,0.0,0.14,0.06,0.04,0.01
860,Sao Tome and Principe,2020.0,0.36,0.14,0.03,0.0,0.03,0.22,0.0,0.14,0.06,0.04,0.01
861,Senegal,2000.0,8.95,4.06,1.17,0.0,0.5,4.89,0.54,3.52,1.5,1.06,0.35
862,Senegal,2001.0,10.82,4.46,1.17,0.0,0.65,6.37,0.62,3.84,1.65,0.9,0.36
863,Senegal,2002.0,10.95,4.58,1.28,0.0,0.72,6.37,0.66,3.92,1.54,0.74,0.38
864,Senegal,2003.0,10.86,4.49,1.41,0.0,0.59,6.37,0.68,3.81,1.4,0.94,0.41
865,Senegal,2004.0,11.76,5.39,1.52,0.0,0.92,6.37,0.95,4.44,1.58,1.01,0.43
866,Senegal,2005.0,12.04,5.67,1.46,0.0,0.78,6.37,1.04,4.63,1.94,1.11,0.44
867,Senegal,2006.0,11.94,5.57,1.55,0.0,0.59,6.37,1.13,4.44,1.87,1.05,0.42
868,Senegal,2007.0,12.57,6.2,2.03,0.0,0.85,6.37,1.22,4.98,1.73,1.26,0.37
869,Senegal,2008.0,12.81,6.44,2.19,0.0,0.87,6.37,1.19,5.25,1.82,1.23,0.37
870,Senegal,2009.0,13.04,6.67,1.95,0.0,0.93,6.37,1.28,5.39,2.12,0.83,0.38
871,Senegal,2010.0,13.4,7.03,2.06,0.03,0.91,6.37,1.57,5.46,2.11,0.9,0.34
872,Senegal,2011.0,12.04,7.57,2.2,0.03,1.23,4.47,1.79,5.78,2.0,0.92,0.32
873,Senegal,2012.0,11.93,7.45,2.1,0.03,1.1,4.47,1.79,5.66,2.13,0.85,0.3
874,Senegal,2013.0,12.48,8.01,2.33,0.03,1.1,4.47,2.02,5.99,2.22,1.0,0.31
875,Senegal,2014.0,13.04,8.57,2.45,0.03,1.44,4.47,1.9,6.67,2.43,0.9,0.33
876,Senegal,2015.0,13.76,9.29,2.72,0.03,1.64,4.47,1.79,7.5,2.76,1.25,0.35
877,Senegal,2016.0,14.46,10.13,2.96,0.03,1.73,4.33,2.0,8.14,3.02,1.11,0.39
878,Senegal,2017.0,14.13,9.8,2.4,0.0,0.97,4.33,2.01,7.79,4.07,0.6,0.34
879,Senegal,2018.0,14.51,10.18,2.48,0.0,1.14,4.33,2.1,8.08,3.93,1.29,0.52
880,Senegal,2019.0,16.63,12.3,2.99,0.0,0.94,4.33,2.63,9.67,5.22,1.23,0.51
881,Senegal,2020.0,15.01,10.68,2.87,0.0,1.31,4.33,2.71,7.97,3.26,1.19,0.54
882,Seychelles,2000.0,0.29,0.29,0.07,0.04,0.0,0.0,0.0,0.29,0.16,0.61,0.02
883,Seychelles,2001.0,0.32,0.32,0.09,0.06,0.0,0.0,0.0,0.32,0.16,0.64,0.02
884,Seychelles,2002.0,0.35,0.35,0.09,0.06,0.0,0.0,0.0,0.35,0.18,0.51,0.02
885,Seychelles,2003.0,0.34,0.34,0.08,0.07,0.0,0.0,0.0,0.34,0.18,0.51,0.02
886,Seychelles,2004.0,0.38,0.38,0.16,0.02,0.0,0.0,0.0,0.38,0.18,0.82,0.02
887,Seychelles,2005.0,0.38,0.38,0.1,0.03,0.0,0.0,0.0,0.38,0.23,0.71,0.02
888,Seychelles,2006.0,0.39,0.39,0.08,0.04,0.0,0.0,0.0,0.39,0.24,0.78,0.02
889,Seychelles,2007.0,0.4,0.4,0.11,0.0,0.0,0.0,0.0,0.4,0.28,0.55,0.02
890,Seychelles,2008.0,0.42,0.42,0.13,0.0,0.0,0.0,0.0,0.42,0.27,0.62,0.02
891,Seychelles,2009.0,0.45,0.45,0.11,0.03,0.01,0.0,0.0,0.45,0.28,0.6,0.02
892,Seychelles,2010.0,0.44,0.44,0.1,0.08,0.01,0.0,0.0,0.44,0.24,0.58,0.02
893,Seychelles,2011.0,0.41,0.41,0.09,0.04,0.01,0.0,0.0,0.41,0.25,0.56,0.02
894,Seychelles,2012.0,0.42,0.42,0.09,0.05,0.01,0.0,0.0,0.42,0.26,0.6,0.02
895,Seychelles,2013.0,0.41,0.41,0.09,0.02,0.01,0.0,0.0,0.41,0.26,0.58,0.02
896,Seychelles,2014.0,0.46,0.46,0.11,0.05,0.01,0.0,0.0,0.46,0.28,0.57,0.01
897,Seychelles,2015.0,0.5,0.5,0.11,0.06,0.0,0.0,0.0,0.5,0.31,0.6,0.02
898,Seychelles,2016.0,0.57,0.57,0.13,0.09,0.0,0.0,0.0,0.57,0.33,0.61,0.02
899,Seychelles,2017.0,0.57,0.57,0.16,0.05,0.0,0.0,0.0,0.57,0.34,0.68,0.02
900,Seychelles,2018.0,0.6,0.6,0.19,0.04,0.0,0.0,0.0,0.6,0.35,0.54,0.02
901,Seychelles,2019.0,0.6,0.6,0.17,0.04,0.0,0.0,0.0,0.6,0.36,0.49,0.02
902,Seychelles,2020.0,0.6,0.6,0.17,0.04,0.0,0.0,0.0,0.6,0.36,0.49,0.02
903,Sierra Leone,2000.0,3.68,0.33,0.16,0.0,0.04,3.35,0.0,0.33,0.06,0.04,0.07
904,Sierra Leone,2001.0,3.79,0.44,0.12,0.0,0.04,3.35,0.0,0.44,0.1,0.03,0.18
905,Sierra Leone,2002.0,3.84,0.5,0.15,0.0,0.08,3.35,0.0,0.5,0.1,0.03,0.17
906,Sierra Leone,2003.0,3.9,0.55,0.2,0.0,0.07,3.35,0.0,0.55,0.1,0.03,0.18
907,Sierra Leone,2004.0,3.88,0.53,0.21,0.0,0.08,3.35,0.0,0.53,0.08,0.04,0.17
908,Sierra Leone,2005.0,3.79,0.45,0.25,0.0,0.02,3.35,0.0,0.45,0.05,0.04,0.13
909,Sierra Leone,2006.0,3.94,0.59,0.32,0.0,0.04,3.35,0.0,0.59,0.04,0.04,0.19
910,Sierra Leone,2007.0,3.85,0.5,0.29,0.12,0.02,3.35,0.0,0.5,0.03,0.03,0.05
911,Sierra Leone,2008.0,3.86,0.52,0.26,0.17,0.01,3.35,0.0,0.52,0.03,0.04,0.04
912,Sierra Leone,2009.0,3.86,0.52,0.29,0.13,0.04,3.35,0.0,0.52,0.04,0.04,0.02
913,Sierra Leone,2010.0,3.91,0.56,0.35,0.12,0.07,3.35,0.0,0.56,0.02,0.04,0.01
914,Sierra Leone,2011.0,4.08,0.73,0.41,0.25,0.05,3.35,0.0,0.73,0.02,0.04,0.01
915,Sierra Leone,2012.0,4.2,0.85,0.41,0.32,0.06,3.35,0.0,0.85,0.05,0.04,0.01
916,Sierra Leone,2013.0,4.38,1.03,0.5,0.38,0.09,3.35,0.0,1.03,0.05,0.04,0.01
917,Sierra Leone,2014.0,4.48,1.14,0.55,0.4,0.12,3.35,0.0,1.14,0.05,0.04,0.02
918,Sierra Leone,2015.0,4.43,1.08,0.67,0.24,0.12,3.35,0.0,1.08,0.06,0.02,0.01
919,Sierra Leone,2016.0,4.52,1.17,0.71,0.29,0.1,3.35,0.0,1.17,0.06,0.01,0.0
920,Sierra Leone,2017.0,4.47,1.12,0.55,0.41,0.09,3.35,0.0,1.12,0.07,0.04,0.01
921,Sierra Leone,2018.0,4.39,1.04,0.64,0.25,0.1,3.35,0.0,1.04,0.05,0.02,0.0
922,Sierra Leone,2019.0,4.38,1.04,0.67,0.31,0.06,3.35,0.0,1.04,0.01,0.01,0.0
923,Sierra Leone,2020.0,4.39,1.05,0.67,0.31,0.06,3.35,0.0,1.04,0.01,0.01,0.0
924,Somalia,2000.0,17.84,0.49,0.14,0.05,0.06,17.35,0.08,0.49,0.2,0.24,0.03
925,Somalia,2001.0,17.86,0.51,0.14,0.06,0.06,17.35,0.08,0.51,0.22,0.22,0.03
926,Somalia,2002.0,17.92,0.57,0.14,0.06,0.06,17.35,0.08,0.57,0.23,0.21,0.08
927,Somalia,2003.0,17.93,0.58,0.14,0.06,0.06,17.35,0.08,0.58,0.24,0.21,0.08
928,Somalia,2004.0,17.93,0.58,0.14,0.06,0.06,17.35,0.08,0.58,0.24,0.21,0.08
929,Somalia,2005.0,17.93,0.58,0.14,0.06,0.06,17.35,0.08,0.58,0.25,0.21,0.07
930,Somalia,2006.0,17.93,0.58,0.14,0.06,0.06,17.35,0.08,0.58,0.25,0.21,0.07
931,Somalia,2007.0,17.98,0.62,0.15,0.0,0.09,17.35,0.08,0.62,0.25,0.2,0.13
932,Somalia,2008.0,17.97,0.62,0.16,0.0,0.07,17.35,0.08,0.62,0.26,0.2,0.13
933,Somalia,2009.0,17.97,0.61,0.16,0.0,0.08,17.35,0.08,0.61,0.26,0.21,0.11
934,Somalia,2010.0,17.98,0.63,0.14,0.0,0.08,17.35,0.08,0.63,0.26,0.21,0.14
935,Somalia,2011.0,17.98,0.63,0.14,0.0,0.08,17.35,0.08,0.63,0.27,0.21,0.14
936,Somalia,2012.0,17.98,0.63,0.13,0.0,0.08,17.35,0.08,0.63,0.27,0.21,0.14
937,Somalia,2013.0,18.0,0.65,0.14,0.0,0.08,17.35,0.08,0.65,0.31,0.22,0.13
938,Somalia,2014.0,18.0,0.65,0.13,0.0,0.08,17.35,0.08,0.65,0.31,0.22,0.13
939,Somalia,2015.0,18.0,0.65,0.13,0.0,0.08,17.35,0.08,0.65,0.31,0.22,0.13
940,Somalia,2016.0,18.01,0.65,0.14,0.0,0.08,17.35,0.08,0.65,0.31,0.22,0.12
941,Somalia,2017.0,18.01,0.65,0.14,0.0,0.08,17.35,0.08,0.65,0.31,0.22,0.12
942,Somalia,2018.0,18.01,0.66,0.14,0.0,0.08,17.35,0.08,0.66,0.31,0.23,0.12
943,Somalia,2019.0,18.01,0.66,0.14,0.0,0.08,17.35,0.08,0.66,0.31,0.23,0.12
944,Somalia,2020.0,18.01,0.66,0.14,0.0,0.08,17.35,0.08,0.66,0.32,0.23,0.12
945,South Africa,2000.0,290.9,284.46,35.18,3.67,40.55,6.43,3.67,280.79,191.93,11.42,9.19
946,South Africa,2001.0,326.85,320.39,36.01,3.83,36.53,6.46,3.64,316.76,227.32,11.42,12.81
947,South Africa,2002.0,337.75,331.27,36.79,3.9,39.82,6.48,4.21,327.07,230.55,10.64,15.77
948,South Africa,2003.0,359.54,353.03,38.98,3.92,42.11,6.51,4.46,348.58,245.67,11.02,17.58
949,South Africa,2004.0,386.45,379.94,41.26,3.87,49.09,6.51,4.34,375.6,261.18,9.89,19.91
950,South Africa,2005.0,384.16,377.64,43.2,3.58,52.98,6.51,5.07,372.57,251.01,10.79,21.52
951,South Africa,2006.0,386.25,379.74,44.35,4.14,49.14,6.51,5.33,374.4,252.38,10.57,24.17
952,South Africa,2007.0,403.68,397.16,48.75,4.46,42.75,6.51,5.49,391.67,265.6,10.93,29.95
953,South Africa,2008.0,433.63,427.11,47.05,4.83,43.88,6.52,5.34,421.77,293.44,12.52,32.39
954,South Africa,2009.0,410.87,404.35,45.07,4.76,61.1,6.52,5.57,398.78,256.44,11.38,31.24
955,South Africa,2010.0,432.07,425.55,46.5,5.95,51.46,6.52,5.05,420.5,302.52,14.08,13.87
956,South Africa,2011.0,415.89,409.48,48.78,7.83,44.54,6.41,4.64,404.84,287.28,14.53,16.27
957,South Africa,2012.0,433.41,427.0,48.84,8.29,45.6,6.41,4.63,422.37,294.59,14.61,24.98
958,South Africa,2013.0,443.67,437.26,53.74,8.13,51.62,6.41,4.89,432.37,292.68,14.62,26.14
959,South Africa,2014.0,454.71,448.3,51.33,8.04,53.37,6.41,4.91,443.39,304.14,14.64,26.45
960,South Africa,2015.0,431.47,425.06,53.91,7.99,49.28,6.41,5.42,419.64,284.96,14.79,23.46
961,South Africa,2016.0,432.36,425.68,51.51,7.26,49.06,6.68,5.69,419.99,290.99,13.19,21.13
962,South Africa,2017.0,441.89,435.21,56.21,8.68,46.11,6.68,5.48,429.73,284.73,13.69,33.97
963,South Africa,2018.0,446.32,439.64,55.6,7.78,54.24,6.68,5.47,434.18,291.24,12.85,25.25
964,South Africa,2019.0,453.3,446.63,53.29,7.16,51.88,6.67,5.45,441.17,311.55,12.85,17.23
965,South Africa,2020.0,399.91,393.24,45.04,6.48,48.19,6.67,5.07,388.17,271.56,9.94,16.84
966,South Sudan,2000.0,10.28,0.46,1.065,0.03,0.32,9.82,0.0,0.46,0.305,0.15,0.12
967,South Sudan,2001.0,10.49,0.53,1.065,0.03,0.32,9.96,0.0,0.53,0.305,0.15,0.12
968,South Sudan,2002.0,10.63,0.67,1.065,0.03,0.32,9.96,0.0,0.67,0.305,0.15,0.12
969,South Sudan,2003.0,10.71,0.75,1.065,0.03,0.32,9.95,0.0,0.75,0.305,0.15,0.12
970,South Sudan,2004.0,10.9,0.95,1.065,0.03,0.32,9.95,0.0,0.95,0.305,0.15,0.12
971,South Sudan,2005.0,10.86,0.91,1.065,0.03,0.32,9.95,0.0,0.91,0.305,0.15,0.12
972,South Sudan,2006.0,10.95,1.0,1.065,0.03,0.32,9.95,0.0,1.0,0.305,0.15,0.12
973,South Sudan,2007.0,11.12,1.17,1.065,0.03,0.32,9.95,0.0,1.17,0.305,0.15,0.12
974,South Sudan,2008.0,11.18,1.24,1.065,0.03,0.32,9.94,0.0,1.24,0.305,0.15,0.12
975,South Sudan,2009.0,11.24,1.29,1.065,0.03,0.32,9.95,0.0,1.29,0.305,0.15,0.12
976,South Sudan,2010.0,11.26,1.31,1.065,0.03,0.32,9.95,0.0,1.31,0.305,0.15,0.12
977,South Sudan,2011.0,10.95,1.28,1.065,0.03,0.32,9.67,0.0,1.28,0.305,0.15,0.12
978,South Sudan,2012.0,10.75,1.42,0.95,0.06,0.02,9.33,0.0,1.42,0.38,0.12,0.01
979,South Sudan,2013.0,10.77,1.45,0.94,0.04,0.01,9.32,0.0,1.45,0.45,0.12,0.01
980,South Sudan,2014.0,10.81,1.52,0.96,0.04,0.01,9.29,0.0,1.52,0.49,0.12,0.01
981,South Sudan,2015.0,11.26,1.97,1.02,0.09,0.03,9.29,0.0,1.97,0.81,0.22,0.02
982,South Sudan,2016.0,13.4,1.73,0.95,0.08,0.03,11.67,0.0,1.73,0.67,0.22,0.01
983,South Sudan,2017.0,13.14,1.51,0.74,0.07,0.05,11.63,0.0,1.51,0.64,0.24,0.02
984,South Sudan,2018.0,13.37,1.77,0.96,0.09,0.03,11.6,0.0,1.77,0.67,0.25,0.02
985,South Sudan,2019.0,13.25,1.82,0.97,0.09,0.03,11.43,0.0,1.82,0.72,0.23,0.03
986,South Sudan,2020.0,13.15,1.74,0.9,0.08,0.03,11.41,0.0,1.74,0.71,0.17,0.03
987,Sudan,2000.0,27.2,5.69,2.64,0.71,0.54,21.51,0.06,5.63,1.47,0.36,0.13
988,Sudan,2001.0,28.07,6.25,3.42,0.42,0.45,21.82,0.08,6.18,1.52,0.41,0.2
989,Sudan,2002.0,29.52,7.71,3.91,0.65,0.45,21.81,0.08,7.63,2.15,0.42,0.3
990,Sudan,2003.0,29.73,7.93,3.73,0.68,0.51,21.8,0.11,7.82,2.37,0.41,0.35
991,Sudan,2004.0,30.62,8.83,4.05,0.87,0.62,21.79,0.12,8.7,2.49,0.39,0.36
992,Sudan,2005.0,32.29,10.5,4.81,0.88,1.01,21.79,0.13,10.36,2.75,0.37,0.48
993,Sudan,2006.0,34.69,12.9,5.77,0.99,1.58,21.79,0.08,12.82,3.44,0.31,0.57
994,Sudan,2007.0,35.76,13.97,6.31,1.03,1.84,21.79,0.13,13.84,3.52,0.29,0.61
995,Sudan,2008.0,36.74,14.96,7.58,0.71,1.64,21.78,0.1,14.86,3.89,0.45,0.6
996,Sudan,2009.0,37.28,15.49,7.49,0.57,2.72,21.79,0.24,15.25,3.28,0.49,0.7
997,Sudan,2010.0,38.22,16.43,8.4,0.71,3.63,21.79,0.75,15.68,1.64,0.57,0.75
998,Sudan,2011.0,37.12,15.94,8.64,0.21,2.09,21.18,1.15,14.79,2.2,0.65,1.08
999,Sudan,2012.0,37.32,15.81,8.38,0.37,1.95,21.52,1.34,14.47,2.09,0.68,1.08
1000,Sudan,2013.0,37.37,15.85,8.76,0.4,1.48,21.52,1.38,14.48,1.94,0.44,1.16
1001,Sudan,2014.0,38.18,16.66,9.14,0.4,1.54,21.52,1.35,15.31,2.32,0.39,1.13
1002,Sudan,2015.0,40.78,19.26,9.65,0.42,1.58,21.52,1.44,17.82,4.13,0.57,1.12
1003,Sudan,2016.0,42.51,21.5,10.99,0.45,1.81,21.0,1.56,19.95,4.95,0.64,1.09
1004,Sudan,2017.0,42.58,21.58,11.04,0.44,1.7,21.0,1.56,20.02,5.1,0.72,1.11
1005,Sudan,2018.0,42.67,21.67,11.18,0.42,1.65,21.0,1.56,20.11,5.26,0.69,1.02
1006,Sudan,2019.0,43.13,22.13,11.43,0.43,1.67,21.0,1.56,20.58,5.41,0.59,1.06
1007,Sudan,2020.0,41.8,20.8,10.38,0.3,1.51,21.0,1.56,19.24,5.43,0.44,1.06
1008,Tanzania,2000.0,54.59,2.95,1.46,0.07,0.47,51.65,0.34,2.61,0.33,0.26,0.28
1009,Tanzania,2001.0,54.76,3.13,1.75,0.08,0.4,51.63,0.36,2.77,0.16,0.28,0.38
1010,Tanzania,2002.0,55.19,3.57,2.2,0.05,0.39,51.62,0.41,3.15,0.12,0.3,0.4
1011,Tanzania,2003.0,55.39,3.77,2.31,0.05,0.39,51.62,0.47,3.3,0.12,0.32,0.43
1012,Tanzania,2004.0,56.68,5.08,2.4,0.05,0.4,51.6,0.51,4.57,1.25,0.35,0.46
1013,Tanzania,2005.0,57.26,5.66,2.76,0.06,0.45,51.6,0.54,5.12,1.35,0.26,0.49
1014,Tanzania,2006.0,57.58,5.99,2.86,0.04,0.46,51.59,0.54,5.45,1.59,0.27,0.52
1015,Tanzania,2007.0,57.48,5.91,2.84,0.04,0.45,51.57,0.63,5.28,1.38,0.3,0.56
1016,Tanzania,2008.0,57.63,6.07,3.09,0.05,0.42,51.56,0.68,5.4,1.24,0.31,0.59
1017,Tanzania,2009.0,57.48,5.93,3.02,0.04,0.4,51.55,0.75,5.18,1.2,0.33,0.51
1018,Tanzania,2010.0,58.46,6.91,3.54,0.05,0.44,51.55,0.89,6.02,1.47,0.39,0.52
1019,Tanzania,2011.0,59.57,8.02,3.9,0.05,0.81,51.55,0.92,7.1,1.92,0.74,0.42
1020,Tanzania,2012.0,61.13,9.59,4.9,0.06,0.8,51.55,0.99,8.6,2.49,0.4,0.35
1021,Tanzania,2013.0,62.23,10.7,5.55,0.06,0.99,51.53,0.91,9.78,2.85,0.59,0.34
1022,Tanzania,2014.0,61.64,10.11,4.84,0.06,1.44,51.53,1.09,9.02,2.42,0.61,0.25
1023,Tanzania,2015.0,62.29,10.77,4.79,0.07,1.55,51.53,1.22,9.55,2.86,0.51,0.28
1024,Tanzania,2016.0,74.35,10.65,4.71,0.07,1.3,63.7,1.58,9.07,2.57,0.57,0.42
1025,Tanzania,2017.0,75.35,11.66,5.2,0.07,1.83,63.7,1.63,10.03,2.5,0.46,0.43
1026,Tanzania,2018.0,75.7,12.02,5.06,0.07,1.94,63.69,1.75,10.27,2.74,0.43,0.46
1027,Tanzania,2019.0,78.64,14.96,6.64,0.08,2.14,63.68,2.52,12.44,3.12,0.41,0.46
1028,Tanzania,2020.0,78.12,14.44,6.61,0.08,2.09,63.68,2.52,11.92,2.66,0.23,0.48
1029,Togo,2000.0,3.93,1.27,0.43,0.0,0.26,2.66,0.32,0.95,0.1,0.05,0.15
1030,Togo,2001.0,2.12,1.18,0.29,0.0,0.21,0.95,0.4,0.78,0.19,0.05,0.1
1031,Togo,2002.0,2.29,1.34,0.48,0.0,0.2,0.95,0.49,0.85,0.05,0.05,0.13
1032,Togo,2003.0,2.78,1.83,0.7,0.0,0.15,0.95,0.74,1.09,0.04,0.11,0.2
1033,Togo,2004.0,2.72,1.78,0.64,0.0,0.17,0.95,0.75,1.03,0.08,0.14,0.13
1034,Togo,2005.0,2.69,1.75,0.61,0.0,0.09,0.95,0.78,0.96,0.07,0.16,0.19
1035,Togo,2006.0,2.51,1.57,0.58,0.0,0.07,0.95,0.68,0.89,0.11,0.11,0.13
1036,Togo,2007.0,2.45,1.5,0.64,0.0,0.04,0.95,0.6,0.9,0.09,0.1,0.13
1037,Togo,2008.0,2.51,1.57,0.87,0.0,0.07,0.95,0.47,1.1,0.03,0.2,0.14
1038,Togo,2009.0,3.77,2.82,1.93,0.0,0.15,0.95,0.55,2.28,0.04,0.25,0.16
1039,Togo,2010.0,3.58,2.63,1.6,0.0,0.23,0.95,0.55,2.08,0.07,0.27,0.18
1040,Togo,2011.0,3.46,2.52,1.48,0.0,0.2,0.94,0.62,1.89,0.02,0.25,0.18
1041,Togo,2012.0,3.18,2.24,1.26,0.0,0.15,0.94,0.61,1.63,0.02,0.27,0.2
1042,Togo,2013.0,2.69,1.75,0.74,0.0,0.27,0.94,0.47,1.28,0.06,0.26,0.22
1043,Togo,2014.0,2.53,1.59,0.39,0.0,0.29,0.94,0.44,1.15,0.25,0.26,0.22
1044,Togo,2015.0,2.77,1.83,0.71,0.0,0.03,0.94,0.81,1.01,0.19,0.1,0.08
1045,Togo,2016.0,3.12,2.31,0.61,0.0,0.12,0.81,0.82,1.49,0.51,0.17,0.25
1046,Togo,2017.0,2.83,2.02,0.89,0.0,0.03,0.81,0.76,1.25,0.28,0.23,0.06
1047,Togo,2018.0,3.0,2.19,1.01,0.0,0.11,0.81,0.75,1.44,0.21,0.2,0.11
1048,Togo,2019.0,3.25,2.44,1.07,0.0,0.16,0.81,0.92,1.52,0.2,0.19,0.1
1049,Togo,2020.0,3.23,2.42,1.1,0.0,0.16,0.81,0.86,1.55,0.23,0.17,0.07
1050,Tunisia,2000.0,20.15,21.07,4.03,1.05,3.62,-0.92,2.96,18.11,6.32,0.92,2.62
1051,Tunisia,2001.0,20.66,21.97,4.13,1.08,3.72,-1.31,2.99,18.98,6.89,0.87,2.69
1052,Tunisia,2002.0,20.84,22.15,4.24,0.97,3.66,-1.31,3.16,18.99,6.91,0.72,2.75
1053,Tunisia,2003.0,20.65,21.96,4.38,1.01,4.39,-1.31,3.17,18.79,5.74,0.67,2.81
1054,Tunisia,2004.0,21.71,23.02,4.42,1.05,4.63,-1.31,3.51,19.52,5.9,0.76,3.04
1055,Tunisia,2005.0,22.23,23.54,4.59,1.07,4.57,-1.31,3.53,20.01,6.16,0.71,3.08
1056,Tunisia,2006.0,23.16,24.47,4.56,1.04,5.01,-1.31,3.66,20.81,6.66,0.71,2.9
1057,Tunisia,2007.0,24.06,25.37,4.81,1.03,5.02,-1.31,3.73,21.64,7.19,0.74,2.94
1058,Tunisia,2008.0,24.65,25.96,4.65,1.13,5.03,-1.31,4.01,21.96,7.26,0.82,2.98
1059,Tunisia,2009.0,24.68,25.98,5.72,1.06,4.42,-1.31,3.99,22.0,7.62,0.64,2.32
1060,Tunisia,2010.0,27.01,28.32,6.86,1.06,4.62,-1.31,4.29,24.03,8.44,0.79,2.31
1061,Tunisia,2011.0,30.6,26.72,6.4,0.98,4.24,3.88,3.41,23.3,8.32,0.76,2.3
1062,Tunisia,2012.0,32.99,29.11,6.36,1.0,4.66,3.88,4.25,24.85,9.09,0.91,2.37
1063,Tunisia,2013.0,32.48,28.6,6.06,1.03,4.79,3.88,3.71,24.89,9.25,0.92,2.52
1064,Tunisia,2014.0,34.86,30.98,6.33,1.1,5.35,3.88,4.66,26.32,9.7,0.87,2.55
1065,Tunisia,2015.0,35.51,31.63,6.73,1.16,5.35,3.88,4.94,26.69,9.72,0.64,2.66
1066,Tunisia,2016.0,26.53,30.32,7.08,1.18,5.19,-3.79,4.31,26.01,9.13,0.67,2.62
1067,Tunisia,2017.0,26.96,30.74,7.61,1.29,5.18,-3.79,3.99,26.75,9.28,0.8,2.79
1068,Tunisia,2018.0,27.24,31.02,7.63,1.3,4.89,-3.79,4.26,26.76,9.47,0.91,2.88
1069,Tunisia,2019.0,27.26,31.05,7.32,1.26,4.92,-3.79,4.18,26.87,9.84,0.96,2.94
1070,Tunisia,2020.0,25.51,29.29,7.09,1.18,4.43,-3.79,3.54,25.76,9.65,0.33,2.84
1071,Uganda,2000.0,15.63,1.3,0.9,0.01,0.24,14.34,0.11,1.19,0.0,0.11,0.03
1072,Uganda,2001.0,15.64,1.3,0.92,0.01,0.22,14.33,0.12,1.18,0.0,0.11,0.03
1073,Uganda,2002.0,15.82,1.49,0.93,0.01,0.29,14.33,0.14,1.34,0.0,0.11,0.11
1074,Uganda,2003.0,15.9,1.57,0.96,0.02,0.33,14.33,0.14,1.43,0.0,0.11,0.12
1075,Uganda,2004.0,15.96,1.63,0.99,0.02,0.35,14.33,0.15,1.48,0.01,0.12,0.12
1076,Uganda,2005.0,16.35,2.02,1.02,0.02,0.49,14.33,0.16,1.86,0.06,0.11,0.27
1077,Uganda,2006.0,16.73,2.4,1.13,0.02,0.5,14.33,0.16,2.24,0.31,0.12,0.27
1078,Uganda,2007.0,17.19,2.87,1.19,0.14,0.64,14.32,0.15,2.72,0.45,0.24,0.3
1079,Uganda,2008.0,17.3,2.97,1.38,0.07,0.56,14.32,0.19,2.79,0.48,0.25,0.29
1080,Uganda,2009.0,17.68,3.36,1.52,0.14,0.56,14.32,0.2,3.16,0.69,0.26,0.24
1081,Uganda,2010.0,17.65,3.33,1.28,0.14,0.61,14.32,0.32,3.01,0.78,0.27,0.2
1082,Uganda,2011.0,18.07,3.74,1.64,0.09,0.62,14.32,0.39,3.35,0.75,0.38,0.24
1083,Uganda,2012.0,18.1,3.78,2.04,0.12,0.71,14.32,0.43,3.35,0.21,0.42,0.26
1084,Uganda,2013.0,18.01,3.69,2.19,0.12,0.76,14.32,0.36,3.34,0.01,0.42,0.26
1085,Uganda,2014.0,18.43,4.11,2.44,0.14,0.84,14.32,0.39,3.72,0.08,0.47,0.22
1086,Uganda,2015.0,19.03,4.71,2.74,0.17,1.07,14.32,0.35,4.36,0.06,0.33,0.32
1087,Uganda,2016.0,19.26,4.95,2.94,0.19,1.05,14.31,0.37,4.57,0.06,0.31,0.34
1088,Uganda,2017.0,19.48,5.17,3.11,0.32,1.09,14.31,0.38,4.8,0.06,0.32,0.22
1089,Uganda,2018.0,20.18,5.87,3.39,0.49,1.17,14.31,0.38,5.48,0.23,0.35,0.2
1090,Uganda,2019.0,20.28,5.94,3.52,0.51,1.18,14.33,0.46,5.48,0.08,0.34,0.2
1091,Uganda,2020.0,20.0,5.67,3.39,0.49,1.15,14.32,0.53,5.14,0.05,0.18,0.06
1092,Zambia,2000.0,19.96,1.81,0.73,0.05,0.67,18.15,0.15,1.65,0.08,0.13,0.13
1093,Zambia,2001.0,20.0,1.84,0.77,0.05,0.71,18.17,0.09,1.75,0.09,0.14,0.13
1094,Zambia,2002.0,20.11,1.92,0.81,0.05,0.74,18.19,0.09,1.83,0.1,0.14,0.14
1095,Zambia,2003.0,20.27,2.08,0.86,0.05,0.78,18.18,0.14,1.94,0.1,0.15,0.15
1096,Zambia,2004.0,20.29,2.11,0.92,0.04,0.73,18.19,0.16,1.95,0.1,0.16,0.16
1097,Zambia,2005.0,20.46,2.29,0.99,0.05,0.83,18.17,0.17,2.12,0.1,0.17,0.16
1098,Zambia,2006.0,20.33,2.18,1.02,0.12,0.68,18.15,0.22,1.96,0.08,0.18,0.07
1099,Zambia,2007.0,20.12,1.98,0.9,0.1,0.66,18.14,0.21,1.77,0.05,0.1,0.05
1100,Zambia,2008.0,20.33,2.19,0.98,0.13,0.74,18.15,0.22,1.97,0.05,0.12,0.07
1101,Zambia,2009.0,20.61,2.49,1.15,0.11,0.77,18.13,0.34,2.15,0.06,0.09,0.07
1102,Zambia,2010.0,20.79,2.66,1.23,0.12,0.73,18.14,0.43,2.22,0.06,0.09,0.08
1103,Zambia,2011.0,36.61,3.05,1.34,0.12,0.97,33.56,0.46,2.59,0.07,0.1,0.09
1104,Zambia,2012.0,37.59,4.03,1.61,0.14,1.5,33.56,0.61,3.42,0.07,0.15,0.1
1105,Zambia,2013.0,37.79,4.24,1.66,0.23,1.43,33.55,0.7,3.53,0.07,0.15,0.14
1106,Zambia,2014.0,38.22,4.69,1.88,0.18,1.49,33.54,0.74,3.95,0.3,0.06,0.1
1107,Zambia,2015.0,38.49,4.96,2.1,0.18,1.55,33.54,0.7,4.26,0.33,0.06,0.09
1108,Zambia,2016.0,38.83,5.32,2.07,0.19,1.54,33.51,0.78,4.54,0.65,0.04,0.09
1109,Zambia,2017.0,40.32,6.81,2.05,0.27,1.62,33.5,0.86,5.95,1.9,0.05,0.11
1110,Zambia,2018.0,41.37,7.86,2.09,0.31,1.55,33.51,1.07,6.79,2.71,0.03,0.12
1111,Zambia,2019.0,41.22,7.62,2.66,0.36,1.18,33.6,0.96,6.65,2.38,0.04,0.08
1112,Zambia,2020.0,41.22,7.61,2.49,0.37,1.32,33.61,0.93,6.68,2.42,0.02,0.08
1113,Zimbabwe,2000.0,23.98,13.58,1.92,2.07,2.92,10.4,0.4,13.17,5.36,0.36,0.9
1114,Zimbabwe,2001.0,24.49,13.55,1.8,1.46,2.44,10.94,0.32,13.22,6.92,0.28,0.61
1115,Zimbabwe,2002.0,23.23,12.29,1.66,1.29,2.21,10.94,0.24,12.05,6.35,0.19,0.53
1116,Zimbabwe,2003.0,21.04,10.1,1.39,1.3,2.02,10.94,0.16,9.94,4.68,0.11,0.55
1117,Zimbabwe,2004.0,20.61,9.67,1.21,0.71,1.52,10.94,0.2,9.47,5.73,0.03,0.3
1118,Zimbabwe,2005.0,21.4,10.46,1.32,0.93,1.59,10.94,0.24,10.22,6.05,0.03,0.33
1119,Zimbabwe,2006.0,20.73,9.79,1.28,1.62,2.07,10.94,0.27,9.52,3.9,0.03,0.65
1120,Zimbabwe,2007.0,20.69,9.75,1.23,1.9,2.27,10.94,0.15,9.6,3.41,0.03,0.79
1121,Zimbabwe,2008.0,18.65,7.71,1.03,1.72,1.38,10.94,0.15,7.56,2.7,0.02,0.72
1122,Zimbabwe,2009.0,18.51,7.57,1.11,1.98,0.62,10.94,0.27,7.3,2.76,0.02,0.84
1123,Zimbabwe,2010.0,20.46,9.52,1.32,1.29,1.21,10.94,0.31,9.21,4.89,0.03,0.5
1124,Zimbabwe,2011.0,22.68,11.36,2.31,0.98,1.46,11.32,0.38,10.98,6.01,0.03,0.22
1125,Zimbabwe,2012.0,23.27,11.95,2.62,1.02,1.92,11.32,0.57,11.39,5.62,0.03,0.22
1126,Zimbabwe,2013.0,23.54,12.22,2.9,0.91,1.02,11.32,0.46,11.75,6.78,0.03,0.15
1127,Zimbabwe,2014.0,23.33,12.01,2.61,0.84,1.04,11.32,0.5,11.51,6.85,0.03,0.17
1128,Zimbabwe,2015.0,23.31,11.99,2.53,0.77,1.06,11.32,0.59,11.4,6.84,0.07,0.2
1129,Zimbabwe,2016.0,97.61,10.45,2.15,0.66,1.06,87.16,0.46,9.99,5.9,0.12,0.22
1130,Zimbabwe,2017.0,96.94,9.78,2.21,0.66,1.09,87.16,0.47,9.31,5.13,0.16,0.22
1131,Zimbabwe,2018.0,98.23,11.07,2.84,0.79,1.14,87.16,0.56,10.51,5.5,0.19,0.24
1132,Zimbabwe,2019.0,97.35,10.19,2.51,0.78,1.08,87.16,0.47,9.71,5.1,0.16,0.24
1133,Zimbabwe,2020.0,95.48,8.31,2.07,0.61,1.01,87.16,0.5,7.82,3.93,0.06,0.19
